{
    "type":  "FeatureCollection",
    "features":  [
                     {
                         "type":  "Feature",
                         "geometry":  {
                                          "type":  "Polygon",
                                          "coordinates":  [
                                                              [
                                                                  [
                                                                      6.80700533167707,
                                                                      47.562801384972
                                                                  ],
                                                                  [
                                                                      6.816660001724921,
                                                                      47.54792247821983
                                                                  ],
                                                                  [
                                                                      6.860809068981891,
                                                                      47.54751358468233
                                                                  ],
                                                                  [
                                                                      6.883473648745609,
                                                                      47.55533115808764
                                                                  ],
                                                                  [
                                                                      6.905669627634239,
                                                                      47.547361521011815
                                                                  ],
                                                                  [
                                                                      6.909674152385642,
                                                                      47.525507149094636
                                                                  ],
                                                                  [
                                                                      6.946162450184676,
                                                                      47.51131633258056
                                                                  ],
                                                                  [
                                                                      6.930856287246399,
                                                                      47.49817970710937
                                                                  ],
                                                                  [
                                                                      6.907596719688256,
                                                                      47.49436626816266
                                                                  ],
                                                                  [
                                                                      6.917231799861733,
                                                                      47.46886980086098
                                                                  ],
                                                                  [
                                                                      6.932315529660057,
                                                                      47.45581501043693
                                                                  ],
                                                                  [
                                                                      6.940536510867674,
                                                                      47.43337372140521
                                                                  ],
                                                                  [
                                                                      6.9383780521299885,
                                                                      47.40601986473863
                                                                  ],
                                                                  [
                                                                      6.917565696040302,
                                                                      47.40554258429283
                                                                  ],
                                                                  [
                                                                      6.911280984371045,
                                                                      47.3856550932385
                                                                  ],
                                                                  [
                                                                      6.8853970779398175,
                                                                      47.37459946804773
                                                                  ],
                                                                  [
                                                                      6.87936818281023,
                                                                      47.35839729641757
                                                                  ],
                                                                  [
                                                                      6.919496443267278,
                                                                      47.35536414476774
                                                                  ],
                                                                  [
                                                                      6.994215518452339,
                                                                      47.363057159308
                                                                  ],
                                                                  [
                                                                      7.012120561775966,
                                                                      47.37292288887178
                                                                  ],
                                                                  [
                                                                      7.049718402997699,
                                                                      47.360719992295074
                                                                  ],
                                                                  [
                                                                      7.062207100094967,
                                                                      47.34415745980239
                                                                  ],
                                                                  [
                                                                      7.046203037401215,
                                                                      47.326976713950984
                                                                  ],
                                                                  [
                                                                      7.016140643996923,
                                                                      47.31359873592356
                                                                  ],
                                                                  [
                                                                      6.993126569921015,
                                                                      47.29554511879603
                                                                  ],
                                                                  [
                                                                      6.942895673773597,
                                                                      47.287754384904254
                                                                  ],
                                                                  [
                                                                      6.955208843014741,
                                                                      47.244149772352195
                                                                  ],
                                                                  [
                                                                      6.940725555973242,
                                                                      47.231843645454894
                                                                  ],
                                                                  [
                                                                      6.882433031143578,
                                                                      47.201615584703326
                                                                  ],
                                                                  [
                                                                      6.858349567867174,
                                                                      47.164383477038406
                                                                  ],
                                                                  [
                                                                      6.800236684357302,
                                                                      47.128793351463806
                                                                  ],
                                                                  [
                                                                      6.763777402656871,
                                                                      47.11979205072034
                                                                  ],
                                                                  [
                                                                      6.739920812240863,
                                                                      47.1080561130741
                                                                  ],
                                                                  [
                                                                      6.74109066784422,
                                                                      47.091064413033465
                                                                  ],
                                                                  [
                                                                      6.717835845806807,
                                                                      47.08893991246636
                                                                  ],
                                                                  [
                                                                      6.691621066187363,
                                                                      47.06668923642061
                                                                  ],
                                                                  [
                                                                      6.7140493259380465,
                                                                      47.04912442357012
                                                                  ],
                                                                  [
                                                                      6.699656601550015,
                                                                      47.039041188281
                                                                  ],
                                                                  [
                                                                      6.661624427517901,
                                                                      47.02822165295931
                                                                  ],
                                                                  [
                                                                      6.633742279087916,
                                                                      46.99841408318843
                                                                  ],
                                                                  [
                                                                      6.59318642597294,
                                                                      46.991771506770114
                                                                  ],
                                                                  [
                                                                      6.566568468914689,
                                                                      46.98063803499442
                                                                  ],
                                                                  [
                                                                      6.5188133537312165,
                                                                      46.970857851315834
                                                                  ],
                                                                  [
                                                                      6.49668554758685,
                                                                      46.97418077120232
                                                                  ],
                                                                  [
                                                                      6.446572766755816,
                                                                      46.9341439731704
                                                                  ],
                                                                  [
                                                                      6.432669440426171,
                                                                      46.92860208537252
                                                                  ],
                                                                  [
                                                                      6.4645840104267736,
                                                                      46.89020943846434
                                                                  ],
                                                                  [
                                                                      6.460055924791717,
                                                                      46.85168246859297
                                                                  ],
                                                                  [
                                                                      6.44262902075631,
                                                                      46.83235109259498
                                                                  ],
                                                                  [
                                                                      6.434826378361494,
                                                                      46.801464616461466
                                                                  ],
                                                                  [
                                                                      6.458567776224122,
                                                                      46.788495437539005
                                                                  ],
                                                                  [
                                                                      6.425917841439646,
                                                                      46.75480272370325
                                                                  ],
                                                                  [
                                                                      6.39507223431701,
                                                                      46.74824769305675
                                                                  ],
                                                                  [
                                                                      6.391779221321134,
                                                                      46.73835933517175
                                                                  ],
                                                                  [
                                                                      6.344803166577885,
                                                                      46.711872179216
                                                                  ],
                                                                  [
                                                                      6.285329368806656,
                                                                      46.691241021954745
                                                                  ],
                                                                  [
                                                                      6.227994158729884,
                                                                      46.64830608201645
                                                                  ],
                                                                  [
                                                                      6.175538722376977,
                                                                      46.61413990223054
                                                                  ],
                                                                  [
                                                                      6.127338291895881,
                                                                      46.59030639234697
                                                                  ],
                                                                  [
                                                                      6.110748015678899,
                                                                      46.576313203446446
                                                                  ],
                                                                  [
                                                                      6.1381085470292716,
                                                                      46.55766039903405
                                                                  ],
                                                                  [
                                                                      6.131429786217584,
                                                                      46.55374316497247
                                                                  ],
                                                                  [
                                                                      6.048566902902156,
                                                                      46.60772285612786
                                                                  ],
                                                                  [
                                                                      6.059172114439157,
                                                                      46.62611096798534
                                                                  ],
                                                                  [
                                                                      6.105519201667375,
                                                                      46.65048282928723
                                                                  ],
                                                                  [
                                                                      6.069828479910839,
                                                                      46.689524885344895
                                                                  ],
                                                                  [
                                                                      6.11296041814117,
                                                                      46.707745262586364
                                                                  ],
                                                                  [
                                                                      6.139950483346064,
                                                                      46.7252665040831
                                                                  ],
                                                                  [
                                                                      6.180271003478625,
                                                                      46.741575238392656
                                                                  ],
                                                                  [
                                                                      6.185275300570877,
                                                                      46.75514278256941
                                                                  ],
                                                                  [
                                                                      6.206667229738774,
                                                                      46.766127080274636
                                                                  ],
                                                                  [
                                                                      6.175722465411307,
                                                                      46.80024737987558
                                                                  ],
                                                                  [
                                                                      6.134201093056517,
                                                                      46.82606829489227
                                                                  ],
                                                                  [
                                                                      6.091004700025405,
                                                                      46.84186203649593
                                                                  ],
                                                                  [
                                                                      6.065722840490433,
                                                                      46.85966779654168
                                                                  ],
                                                                  [
                                                                      6.034013122897841,
                                                                      46.84959669047568
                                                                  ],
                                                                  [
                                                                      6.026247153653252,
                                                                      46.86409173600443
                                                                  ],
                                                                  [
                                                                      6.005778412779799,
                                                                      46.8730528372109
                                                                  ],
                                                                  [
                                                                      6.011720201418477,
                                                                      46.88892677308902
                                                                  ],
                                                                  [
                                                                      5.9826340237056,
                                                                      46.90845204586353
                                                                  ],
                                                                  [
                                                                      5.996550634911118,
                                                                      46.93349025460158
                                                                  ],
                                                                  [
                                                                      5.9640723607092,
                                                                      46.94807945340021
                                                                  ],
                                                                  [
                                                                      5.979788604869103,
                                                                      46.963477609202336
                                                                  ],
                                                                  [
                                                                      5.968560305501438,
                                                                      46.98044449059873
                                                                  ],
                                                                  [
                                                                      5.945444530036826,
                                                                      46.98892069091779
                                                                  ],
                                                                  [
                                                                      5.928902914958152,
                                                                      46.981557598992175
                                                                  ],
                                                                  [
                                                                      5.9110704645310355,
                                                                      46.99949662045942
                                                                  ],
                                                                  [
                                                                      5.838703245735162,
                                                                      47.00893073323631
                                                                  ],
                                                                  [
                                                                      5.818320069354114,
                                                                      47.01634936206399
                                                                  ],
                                                                  [
                                                                      5.810142553295952,
                                                                      47.04676497151418
                                                                  ],
                                                                  [
                                                                      5.787650426326096,
                                                                      47.02060775116385
                                                                  ],
                                                                  [
                                                                      5.749513452394782,
                                                                      47.01724338346852
                                                                  ],
                                                                  [
                                                                      5.740853599399733,
                                                                      47.031142664947374
                                                                  ],
                                                                  [
                                                                      5.784717290338706,
                                                                      47.054912309682756
                                                                  ],
                                                                  [
                                                                      5.768548742190094,
                                                                      47.08943503996254
                                                                  ],
                                                                  [
                                                                      5.8045619988542985,
                                                                      47.1133407822186
                                                                  ],
                                                                  [
                                                                      5.820691451026131,
                                                                      47.144415939401
                                                                  ],
                                                                  [
                                                                      5.811467446057154,
                                                                      47.16905381606456
                                                                  ],
                                                                  [
                                                                      5.785253964111757,
                                                                      47.1730387486781
                                                                  ],
                                                                  [
                                                                      5.786363077074669,
                                                                      47.1880831609518
                                                                  ],
                                                                  [
                                                                      5.7615922644946265,
                                                                      47.193351935732494
                                                                  ],
                                                                  [
                                                                      5.754029730428721,
                                                                      47.20619762753816
                                                                  ],
                                                                  [
                                                                      5.720409103677726,
                                                                      47.2199367429909
                                                                  ],
                                                                  [
                                                                      5.719658737830903,
                                                                      47.24039349857038
                                                                  ],
                                                                  [
                                                                      5.698725742766405,
                                                                      47.264996774959506
                                                                  ],
                                                                  [
                                                                      5.732304584331136,
                                                                      47.2635708244963
                                                                  ],
                                                                  [
                                                                      5.772794289154126,
                                                                      47.27839174115347
                                                                  ],
                                                                  [
                                                                      5.783911882300601,
                                                                      47.29062859459643
                                                                  ],
                                                                  [
                                                                      5.84401524176912,
                                                                      47.30002560772319
                                                                  ],
                                                                  [
                                                                      5.860063369485741,
                                                                      47.31441371512956
                                                                  ],
                                                                  [
                                                                      5.908850384555448,
                                                                      47.33130809335063
                                                                  ],
                                                                  [
                                                                      5.926973317778065,
                                                                      47.344842696907314
                                                                  ],
                                                                  [
                                                                      5.965726777821383,
                                                                      47.33714799401978
                                                                  ],
                                                                  [
                                                                      5.979565477765114,
                                                                      47.32599225383308
                                                                  ],
                                                                  [
                                                                      6.031152213443059,
                                                                      47.337818639776025
                                                                  ],
                                                                  [
                                                                      6.038905360008941,
                                                                      47.345543807863976
                                                                  ],
                                                                  [
                                                                      6.080045800270596,
                                                                      47.35403647497674
                                                                  ],
                                                                  [
                                                                      6.118643218077476,
                                                                      47.39516918586829
                                                                  ],
                                                                  [
                                                                      6.159315835079816,
                                                                      47.38763809750605
                                                                  ],
                                                                  [
                                                                      6.20045182507361,
                                                                      47.4291448308537
                                                                  ],
                                                                  [
                                                                      6.227146778558152,
                                                                      47.421361759224745
                                                                  ],
                                                                  [
                                                                      6.256322884311814,
                                                                      47.42460267369418
                                                                  ],
                                                                  [
                                                                      6.2635413933118995,
                                                                      47.446113357872484
                                                                  ],
                                                                  [
                                                                      6.280184223466656,
                                                                      47.44396949481327
                                                                  ],
                                                                  [
                                                                      6.3343537374171,
                                                                      47.50596607053227
                                                                  ],
                                                                  [
                                                                      6.4176533951113335,
                                                                      47.52107576002842
                                                                  ],
                                                                  [
                                                                      6.463493609157821,
                                                                      47.51211727914121
                                                                  ],
                                                                  [
                                                                      6.475912751751343,
                                                                      47.49653791477729
                                                                  ],
                                                                  [
                                                                      6.495895471628419,
                                                                      47.50568894568784
                                                                  ],
                                                                  [
                                                                      6.5183760537344355,
                                                                      47.49650598459375
                                                                  ],
                                                                  [
                                                                      6.534536369742796,
                                                                      47.50605436714645
                                                                  ],
                                                                  [
                                                                      6.55356252302069,
                                                                      47.49279726215029
                                                                  ],
                                                                  [
                                                                      6.573512260277363,
                                                                      47.495493621813196
                                                                  ],
                                                                  [
                                                                      6.583644236898135,
                                                                      47.50998705821796
                                                                  ],
                                                                  [
                                                                      6.568287888950471,
                                                                      47.53296730090853
                                                                  ],
                                                                  [
                                                                      6.581373134078281,
                                                                      47.5439823802077
                                                                  ],
                                                                  [
                                                                      6.6108754443878,
                                                                      47.530375696762064
                                                                  ],
                                                                  [
                                                                      6.646719240296149,
                                                                      47.53526063805599
                                                                  ],
                                                                  [
                                                                      6.670176179849052,
                                                                      47.55789898345777
                                                                  ],
                                                                  [
                                                                      6.715410264318535,
                                                                      47.55291548061491
                                                                  ],
                                                                  [
                                                                      6.738845896180387,
                                                                      47.55702322452207
                                                                  ],
                                                                  [
                                                                      6.767404952407747,
                                                                      47.538017268556935
                                                                  ],
                                                                  [
                                                                      6.797499350037713,
                                                                      47.5495126825397
                                                                  ],
                                                                  [
                                                                      6.80700533167707,
                                                                      47.562801384972
                                                                  ]
                                                              ]
                                                          ]
                                      },
                         "properties":  {
                                            "code":  "25",
                                            "nom":  "Doubs"
                                        }
                     },
                     {
                         "type":  "Feature",
                         "geometry":  {
                                          "type":  "Polygon",
                                          "coordinates":  [
                                                              [
                                                                  [
                                                                      4.670183207291811,
                                                                      48.53188730232318
                                                                  ],
                                                                  [
                                                                      4.718012145060739,
                                                                      48.54199401283636
                                                                  ],
                                                                  [
                                                                      4.799180099828292,
                                                                      48.529779876249094
                                                                  ],
                                                                  [
                                                                      4.776020152963706,
                                                                      48.565957606678474
                                                                  ],
                                                                  [
                                                                      4.769195892207036,
                                                                      48.58868831063029
                                                                  ],
                                                                  [
                                                                      4.796778242210989,
                                                                      48.59529317207245
                                                                  ],
                                                                  [
                                                                      4.829662115751189,
                                                                      48.612481442983466
                                                                  ],
                                                                  [
                                                                      4.850509978828629,
                                                                      48.614183688167515
                                                                  ],
                                                                  [
                                                                      4.850578327876817,
                                                                      48.63991537290219
                                                                  ],
                                                                  [
                                                                      4.807564203534146,
                                                                      48.65430553938369
                                                                  ],
                                                                  [
                                                                      4.772425267645258,
                                                                      48.656461849317175
                                                                  ],
                                                                  [
                                                                      4.7816659214071615,
                                                                      48.67019744127014
                                                                  ],
                                                                  [
                                                                      4.822713970971492,
                                                                      48.67403036103939
                                                                  ],
                                                                  [
                                                                      4.867775765589871,
                                                                      48.66719674333675
                                                                  ],
                                                                  [
                                                                      4.910378975054349,
                                                                      48.68854676058441
                                                                  ],
                                                                  [
                                                                      4.935102757331475,
                                                                      48.67804414699184
                                                                  ],
                                                                  [
                                                                      4.9502952474979125,
                                                                      48.6879545407904
                                                                  ],
                                                                  [
                                                                      4.988427677798425,
                                                                      48.684418562233176
                                                                  ],
                                                                  [
                                                                      5.008333278861154,
                                                                      48.67023772723031
                                                                  ],
                                                                  [
                                                                      4.992811815436962,
                                                                      48.65827053404921
                                                                  ],
                                                                  [
                                                                      5.00616236089035,
                                                                      48.63348264533262
                                                                  ],
                                                                  [
                                                                      4.99466786336989,
                                                                      48.62182551829475
                                                                  ],
                                                                  [
                                                                      5.0141448684428935,
                                                                      48.610214170115775
                                                                  ],
                                                                  [
                                                                      5.032284450963603,
                                                                      48.61329817233609
                                                                  ],
                                                                  [
                                                                      5.049692721915686,
                                                                      48.631265806018796
                                                                  ],
                                                                  [
                                                                      5.070374138899134,
                                                                      48.59610309669313
                                                                  ],
                                                                  [
                                                                      5.117905583758205,
                                                                      48.58495445930086
                                                                  ],
                                                                  [
                                                                      5.144873587885955,
                                                                      48.562874491019556
                                                                  ],
                                                                  [
                                                                      5.173113022339201,
                                                                      48.55631460308862
                                                                  ],
                                                                  [
                                                                      5.208425883036941,
                                                                      48.53861075457746
                                                                  ],
                                                                  [
                                                                      5.264870353729535,
                                                                      48.51920792199762
                                                                  ],
                                                                  [
                                                                      5.305623464696029,
                                                                      48.51591327057272
                                                                  ],
                                                                  [
                                                                      5.327278259522607,
                                                                      48.50479938800887
                                                                  ],
                                                                  [
                                                                      5.349469998299744,
                                                                      48.48198867902053
                                                                  ],
                                                                  [
                                                                      5.406054924803939,
                                                                      48.46539304073884
                                                                  ],
                                                                  [
                                                                      5.408498570986399,
                                                                      48.445794580180355
                                                                  ],
                                                                  [
                                                                      5.445157350390678,
                                                                      48.425081250152175
                                                                  ],
                                                                  [
                                                                      5.470061704426128,
                                                                      48.42092884036511
                                                                  ],
                                                                  [
                                                                      5.443801554148948,
                                                                      48.412796111132934
                                                                  ],
                                                                  [
                                                                      5.408721169498744,
                                                                      48.38310019043649
                                                                  ],
                                                                  [
                                                                      5.441572019947177,
                                                                      48.38023164680497
                                                                  ],
                                                                  [
                                                                      5.419996789966145,
                                                                      48.36209610065057
                                                                  ],
                                                                  [
                                                                      5.418230200002256,
                                                                      48.339827299478394
                                                                  ],
                                                                  [
                                                                      5.441808221286742,
                                                                      48.33585087730688
                                                                  ],
                                                                  [
                                                                      5.482149185087855,
                                                                      48.35620132426793
                                                                  ],
                                                                  [
                                                                      5.52236342294961,
                                                                      48.34085020470289
                                                                  ],
                                                                  [
                                                                      5.544667324256171,
                                                                      48.31484393016795
                                                                  ],
                                                                  [
                                                                      5.5879967536815585,
                                                                      48.278489865685614
                                                                  ],
                                                                  [
                                                                      5.611652001252659,
                                                                      48.29181533437579
                                                                  ],
                                                                  [
                                                                      5.65380919650419,
                                                                      48.26852380977062
                                                                  ],
                                                                  [
                                                                      5.640901189478503,
                                                                      48.242354204929356
                                                                  ],
                                                                  [
                                                                      5.677420725123087,
                                                                      48.22898238922798
                                                                  ],
                                                                  [
                                                                      5.6877917029501965,
                                                                      48.23418465758911
                                                                  ],
                                                                  [
                                                                      5.719343419026872,
                                                                      48.21284553404126
                                                                  ],
                                                                  [
                                                                      5.730982683815125,
                                                                      48.18969958329602
                                                                  ],
                                                                  [
                                                                      5.696740894208173,
                                                                      48.18888423309182
                                                                  ],
                                                                  [
                                                                      5.6822435704493275,
                                                                      48.17570971343473
                                                                  ],
                                                                  [
                                                                      5.68431870758825,
                                                                      48.14504209497101
                                                                  ],
                                                                  [
                                                                      5.656886341889701,
                                                                      48.120399648852754
                                                                  ],
                                                                  [
                                                                      5.629010103166862,
                                                                      48.0844163929701
                                                                  ],
                                                                  [
                                                                      5.65966986503565,
                                                                      48.08486263156757
                                                                  ],
                                                                  [
                                                                      5.740575630698962,
                                                                      48.050043986724326
                                                                  ],
                                                                  [
                                                                      5.77774789858366,
                                                                      48.031361923263205
                                                                  ],
                                                                  [
                                                                      5.793591975095584,
                                                                      47.99070892021546
                                                                  ],
                                                                  [
                                                                      5.778492027788896,
                                                                      47.97800978811231
                                                                  ],
                                                                  [
                                                                      5.787280985479235,
                                                                      47.952596973102644
                                                                  ],
                                                                  [
                                                                      5.850003923490582,
                                                                      47.96283504722941
                                                                  ],
                                                                  [
                                                                      5.884726375202079,
                                                                      47.926047148569474
                                                                  ],
                                                                  [
                                                                      5.890864473987194,
                                                                      47.910829841401245
                                                                  ],
                                                                  [
                                                                      5.869970150074121,
                                                                      47.900706913078324
                                                                  ],
                                                                  [
                                                                      5.851317308296247,
                                                                      47.905988473584586
                                                                  ],
                                                                  [
                                                                      5.805624457872526,
                                                                      47.847311152266364
                                                                  ],
                                                                  [
                                                                      5.76119123886598,
                                                                      47.85933449216956
                                                                  ],
                                                                  [
                                                                      5.744128331452809,
                                                                      47.84867639845901
                                                                  ],
                                                                  [
                                                                      5.746056257349712,
                                                                      47.82359612703334
                                                                  ],
                                                                  [
                                                                      5.732629873750381,
                                                                      47.81759710089163
                                                                  ],
                                                                  [
                                                                      5.699885101970957,
                                                                      47.82390335263593
                                                                  ],
                                                                  [
                                                                      5.681940162654595,
                                                                      47.806412809419605
                                                                  ],
                                                                  [
                                                                      5.679969716046147,
                                                                      47.769967881716525
                                                                  ],
                                                                  [
                                                                      5.705093217659827,
                                                                      47.76911094285444
                                                                  ],
                                                                  [
                                                                      5.709442412269412,
                                                                      47.745127245662815
                                                                  ],
                                                                  [
                                                                      5.693342993991239,
                                                                      47.737537821735295
                                                                  ],
                                                                  [
                                                                      5.684123936651815,
                                                                      47.711966155758596
                                                                  ],
                                                                  [
                                                                      5.690079801415203,
                                                                      47.684838574927916
                                                                  ],
                                                                  [
                                                                      5.6534056633858105,
                                                                      47.67738242296545
                                                                  ],
                                                                  [
                                                                      5.596682241448045,
                                                                      47.67168603172257
                                                                  ],
                                                                  [
                                                                      5.585005103022503,
                                                                      47.69979015765272
                                                                  ],
                                                                  [
                                                                      5.567204936430051,
                                                                      47.70523436852804
                                                                  ],
                                                                  [
                                                                      5.529778304397354,
                                                                      47.67282923798152
                                                                  ],
                                                                  [
                                                                      5.482567919490752,
                                                                      47.684602874896335
                                                                  ],
                                                                  [
                                                                      5.4460337898832885,
                                                                      47.67077575883233
                                                                  ],
                                                                  [
                                                                      5.406342872021028,
                                                                      47.673400744473895
                                                                  ],
                                                                  [
                                                                      5.405745536478159,
                                                                      47.646866141018315
                                                                  ],
                                                                  [
                                                                      5.37317594209649,
                                                                      47.61838294374159
                                                                  ],
                                                                  [
                                                                      5.374078595885573,
                                                                      47.60454165278582
                                                                  ],
                                                                  [
                                                                      5.354893869684326,
                                                                      47.59131447740441
                                                                  ],
                                                                  [
                                                                      5.340003771124325,
                                                                      47.609065915523516
                                                                  ],
                                                                  [
                                                                      5.299837418963084,
                                                                      47.60492946802028
                                                                  ],
                                                                  [
                                                                      5.252920215668424,
                                                                      47.57694786282474
                                                                  ],
                                                                  [
                                                                      5.238668295142944,
                                                                      47.597284983235
                                                                  ],
                                                                  [
                                                                      5.239232274239111,
                                                                      47.61613009897604
                                                                  ],
                                                                  [
                                                                      5.211414189836741,
                                                                      47.64189107719557
                                                                  ],
                                                                  [
                                                                      5.173597037303847,
                                                                      47.65256871236608
                                                                  ],
                                                                  [
                                                                      5.178340930532218,
                                                                      47.680951862214265
                                                                  ],
                                                                  [
                                                                      5.1282137463189255,
                                                                      47.64769555171287
                                                                  ],
                                                                  [
                                                                      5.084909015051583,
                                                                      47.65725535909673
                                                                  ],
                                                                  [
                                                                      5.0435872776506425,
                                                                      47.676515292793226
                                                                  ],
                                                                  [
                                                                      5.030001604156784,
                                                                      47.70940841478221
                                                                  ],
                                                                  [
                                                                      4.992275225837213,
                                                                      47.688313503769756
                                                                  ],
                                                                  [
                                                                      4.959844644041361,
                                                                      47.69697375959394
                                                                  ],
                                                                  [
                                                                      4.953807643894032,
                                                                      47.70691553121908
                                                                  ],
                                                                  [
                                                                      4.971770458339338,
                                                                      47.73022100712152
                                                                  ],
                                                                  [
                                                                      4.949610301299183,
                                                                      47.765002530384045
                                                                  ],
                                                                  [
                                                                      4.930742567556667,
                                                                      47.76133580408352
                                                                  ],
                                                                  [
                                                                      4.918299821120011,
                                                                      47.7773135776728
                                                                  ],
                                                                  [
                                                                      4.987227991995704,
                                                                      47.8032996343454
                                                                  ],
                                                                  [
                                                                      4.993918239441858,
                                                                      47.81957144123197
                                                                  ],
                                                                  [
                                                                      4.9683502146365655,
                                                                      47.83194135820226
                                                                  ],
                                                                  [
                                                                      4.9540942495981195,
                                                                      47.8667681480835
                                                                  ],
                                                                  [
                                                                      4.9282302679425625,
                                                                      47.871121167237085
                                                                  ],
                                                                  [
                                                                      4.928173323343671,
                                                                      47.886876403893034
                                                                  ],
                                                                  [
                                                                      4.901848449197037,
                                                                      47.921289405231384
                                                                  ],
                                                                  [
                                                                      4.87629817749016,
                                                                      47.92022401352716
                                                                  ],
                                                                  [
                                                                      4.857004574909452,
                                                                      47.895855881593434
                                                                  ],
                                                                  [
                                                                      4.828942462053263,
                                                                      47.915128709594974
                                                                  ],
                                                                  [
                                                                      4.866096820746109,
                                                                      47.94050603305215
                                                                  ],
                                                                  [
                                                                      4.845182055142008,
                                                                      47.96125251907535
                                                                  ],
                                                                  [
                                                                      4.811007449975246,
                                                                      47.95932655708529
                                                                  ],
                                                                  [
                                                                      4.785061370779013,
                                                                      47.968869095555945
                                                                  ],
                                                                  [
                                                                      4.794634345104126,
                                                                      47.983197869158744
                                                                  ],
                                                                  [
                                                                      4.789083695644797,
                                                                      48.00782938255744
                                                                  ],
                                                                  [
                                                                      4.749300809603172,
                                                                      48.00425102648959
                                                                  ],
                                                                  [
                                                                      4.719943437560306,
                                                                      48.00889645519276
                                                                  ],
                                                                  [
                                                                      4.704238250439468,
                                                                      48.0202323762063
                                                                  ],
                                                                  [
                                                                      4.711006682460102,
                                                                      48.04991853541924
                                                                  ],
                                                                  [
                                                                      4.688818526238874,
                                                                      48.073127919250304
                                                                  ],
                                                                  [
                                                                      4.708492447514134,
                                                                      48.10012538889342
                                                                  ],
                                                                  [
                                                                      4.730610406781701,
                                                                      48.11820899817677
                                                                  ],
                                                                  [
                                                                      4.7632776797863725,
                                                                      48.11550181600475
                                                                  ],
                                                                  [
                                                                      4.8193072949588815,
                                                                      48.10319242346332
                                                                  ],
                                                                  [
                                                                      4.835619390228278,
                                                                      48.10855609279288
                                                                  ],
                                                                  [
                                                                      4.829291938175258,
                                                                      48.129608375504965
                                                                  ],
                                                                  [
                                                                      4.850099917169891,
                                                                      48.14175885538576
                                                                  ],
                                                                  [
                                                                      4.837947597948636,
                                                                      48.168959717850704
                                                                  ],
                                                                  [
                                                                      4.862104268789182,
                                                                      48.19962383107111
                                                                  ],
                                                                  [
                                                                      4.844090578611303,
                                                                      48.24161361141823
                                                                  ],
                                                                  [
                                                                      4.857678156974527,
                                                                      48.26856300069992
                                                                  ],
                                                                  [
                                                                      4.842390138796092,
                                                                      48.28357098511807
                                                                  ],
                                                                  [
                                                                      4.850845034125924,
                                                                      48.296245729889414
                                                                  ],
                                                                  [
                                                                      4.814217580453079,
                                                                      48.323010826658724
                                                                  ],
                                                                  [
                                                                      4.8414713515268755,
                                                                      48.339464111308324
                                                                  ],
                                                                  [
                                                                      4.754719796035579,
                                                                      48.36668089354523
                                                                  ],
                                                                  [
                                                                      4.76018751621395,
                                                                      48.38761245982979
                                                                  ],
                                                                  [
                                                                      4.700747648353684,
                                                                      48.39575121376588
                                                                  ],
                                                                  [
                                                                      4.672923053694571,
                                                                      48.44493692940629
                                                                  ],
                                                                  [
                                                                      4.635723724779378,
                                                                      48.456919205602716
                                                                  ],
                                                                  [
                                                                      4.6493513522062,
                                                                      48.47085769541501
                                                                  ],
                                                                  [
                                                                      4.670183207291811,
                                                                      48.53188730232318
                                                                  ]
                                                              ]
                                                          ]
                                      },
                         "properties":  {
                                            "code":  "52",
                                            "nom":  "Haute-Marne"
                                        }
                     },
                     {
                         "type":  "Feature",
                         "geometry":  {
                                          "type":  "Polygon",
                                          "coordinates":  [
                                                              [
                                                                  [
                                                                      5.470910130592771,
                                                                      49.49720502129504
                                                                  ],
                                                                  [
                                                                      5.541175427366362,
                                                                      49.51526468551874
                                                                  ],
                                                                  [
                                                                      5.556054418170868,
                                                                      49.529249012712015
                                                                  ],
                                                                  [
                                                                      5.593452750302351,
                                                                      49.52190879652461
                                                                  ],
                                                                  [
                                                                      5.615929213702141,
                                                                      49.52712694494857
                                                                  ],
                                                                  [
                                                                      5.636796547934622,
                                                                      49.54504576700591
                                                                  ],
                                                                  [
                                                                      5.663216639729165,
                                                                      49.5527322793671
                                                                  ],
                                                                  [
                                                                      5.701263034650679,
                                                                      49.53951786025749
                                                                  ],
                                                                  [
                                                                      5.7325201904510275,
                                                                      49.544464906619325
                                                                  ],
                                                                  [
                                                                      5.774412837219823,
                                                                      49.56298255279729
                                                                  ],
                                                                  [
                                                                      5.793930405166045,
                                                                      49.551240203734956
                                                                  ],
                                                                  [
                                                                      5.8369571912669995,
                                                                      49.54247191409379
                                                                  ],
                                                                  [
                                                                      5.836233336445646,
                                                                      49.51985372493001
                                                                  ],
                                                                  [
                                                                      5.869093663016168,
                                                                      49.49878274863684
                                                                  ],
                                                                  [
                                                                      5.893401083719673,
                                                                      49.496909750110916
                                                                  ],
                                                                  [
                                                                      5.9028920872339725,
                                                                      49.48379495708393
                                                                  ],
                                                                  [
                                                                      5.938573949545653,
                                                                      49.47481323186841
                                                                  ],
                                                                  [
                                                                      5.942282468750819,
                                                                      49.43034622332949
                                                                  ],
                                                                  [
                                                                      5.91204332139632,
                                                                      49.40747659912329
                                                                  ],
                                                                  [
                                                                      5.929562016978401,
                                                                      49.40189069409503
                                                                  ],
                                                                  [
                                                                      5.9327717047585935,
                                                                      49.37015147282544
                                                                  ],
                                                                  [
                                                                      5.956123967212049,
                                                                      49.36159497798842
                                                                  ],
                                                                  [
                                                                      5.962613221125637,
                                                                      49.344866959890794
                                                                  ],
                                                                  [
                                                                      5.94400804744167,
                                                                      49.334644506896005
                                                                  ],
                                                                  [
                                                                      5.985220799804532,
                                                                      49.30517081937582
                                                                  ],
                                                                  [
                                                                      6.006390696711231,
                                                                      49.3079648171488
                                                                  ],
                                                                  [
                                                                      6.000492336268631,
                                                                      49.27537547287367
                                                                  ],
                                                                  [
                                                                      6.006667263528377,
                                                                      49.26028809283966
                                                                  ],
                                                                  [
                                                                      6.0286095479587445,
                                                                      49.24841255130629
                                                                  ],
                                                                  [
                                                                      6.029385386695151,
                                                                      49.23047199221416
                                                                  ],
                                                                  [
                                                                      5.987627297222747,
                                                                      49.20961691713355
                                                                  ],
                                                                  [
                                                                      5.982834325573433,
                                                                      49.18651522282689
                                                                  ],
                                                                  [
                                                                      6.002250831363206,
                                                                      49.185007006720355
                                                                  ],
                                                                  [
                                                                      6.0261499402444025,
                                                                      49.16511893599002
                                                                  ],
                                                                  [
                                                                      5.981384937221558,
                                                                      49.14445423565313
                                                                  ],
                                                                  [
                                                                      6.00491999554859,
                                                                      49.113988280244584
                                                                  ],
                                                                  [
                                                                      5.997395942366339,
                                                                      49.10784182738146
                                                                  ],
                                                                  [
                                                                      5.931603285178869,
                                                                      49.10910433832356
                                                                  ],
                                                                  [
                                                                      5.924683336615274,
                                                                      49.09212399499875
                                                                  ],
                                                                  [
                                                                      5.9532001062961815,
                                                                      49.05400525300155
                                                                  ],
                                                                  [
                                                                      6.045110478908419,
                                                                      49.013520358557074
                                                                  ],
                                                                  [
                                                                      6.043435324319259,
                                                                      48.977477915970994
                                                                  ],
                                                                  [
                                                                      6.081322571612109,
                                                                      48.96304750061741
                                                                  ],
                                                                  [
                                                                      6.116912179457586,
                                                                      48.967832850981594
                                                                  ],
                                                                  [
                                                                      6.132207146051102,
                                                                      48.93472094774055
                                                                  ],
                                                                  [
                                                                      6.16233199123861,
                                                                      48.94287521453305
                                                                  ],
                                                                  [
                                                                      6.177120700704927,
                                                                      48.934924104920626
                                                                  ],
                                                                  [
                                                                      6.222641164054098,
                                                                      48.93850513094841
                                                                  ],
                                                                  [
                                                                      6.245534632278756,
                                                                      48.92378375934002
                                                                  ],
                                                                  [
                                                                      6.271977767337417,
                                                                      48.9331355970772
                                                                  ],
                                                                  [
                                                                      6.288337094198781,
                                                                      48.9164057732219
                                                                  ],
                                                                  [
                                                                      6.327264769799276,
                                                                      48.90519552048261
                                                                  ],
                                                                  [
                                                                      6.298269555306107,
                                                                      48.88072376373154
                                                                  ],
                                                                  [
                                                                      6.311714980584929,
                                                                      48.863826545661276
                                                                  ],
                                                                  [
                                                                      6.2888587554276025,
                                                                      48.84323273382886
                                                                  ],
                                                                  [
                                                                      6.338947107825573,
                                                                      48.834058199828384
                                                                  ],
                                                                  [
                                                                      6.330651430081595,
                                                                      48.82330786866148
                                                                  ],
                                                                  [
                                                                      6.370600538901966,
                                                                      48.78462319426055
                                                                  ],
                                                                  [
                                                                      6.394874246018456,
                                                                      48.77476240981232
                                                                  ],
                                                                  [
                                                                      6.433515038771951,
                                                                      48.78904238593331
                                                                  ],
                                                                  [
                                                                      6.453603381539952,
                                                                      48.765894004837314
                                                                  ],
                                                                  [
                                                                      6.489616200477496,
                                                                      48.765575862224765
                                                                  ],
                                                                  [
                                                                      6.511039646542062,
                                                                      48.74880543901709
                                                                  ],
                                                                  [
                                                                      6.5401903328498525,
                                                                      48.75385918265721
                                                                  ],
                                                                  [
                                                                      6.564255135947671,
                                                                      48.74995572268137
                                                                  ],
                                                                  [
                                                                      6.594835612692378,
                                                                      48.72922173177475
                                                                  ],
                                                                  [
                                                                      6.598965570952483,
                                                                      48.71569079778236
                                                                  ],
                                                                  [
                                                                      6.6236441629626235,
                                                                      48.713682866112556
                                                                  ],
                                                                  [
                                                                      6.638020827883166,
                                                                      48.70287255743568
                                                                  ],
                                                                  [
                                                                      6.658407329856351,
                                                                      48.70804728628271
                                                                  ],
                                                                  [
                                                                      6.68791954042715,
                                                                      48.683627810294645
                                                                  ],
                                                                  [
                                                                      6.733850339573668,
                                                                      48.663755791166636
                                                                  ],
                                                                  [
                                                                      6.757341859177665,
                                                                      48.66339528935242
                                                                  ],
                                                                  [
                                                                      6.782490229155465,
                                                                      48.642725006759726
                                                                  ],
                                                                  [
                                                                      6.810500233885349,
                                                                      48.64743317270349
                                                                  ],
                                                                  [
                                                                      6.836628311600907,
                                                                      48.643091017748844
                                                                  ],
                                                                  [
                                                                      6.8440535368717015,
                                                                      48.62597500455583
                                                                  ],
                                                                  [
                                                                      6.86360548586589,
                                                                      48.62031667084879
                                                                  ],
                                                                  [
                                                                      6.905122950842201,
                                                                      48.61984409056823
                                                                  ],
                                                                  [
                                                                      6.930006989091913,
                                                                      48.6355511656451
                                                                  ],
                                                                  [
                                                                      6.960798228747959,
                                                                      48.60828605857016
                                                                  ],
                                                                  [
                                                                      6.982896473118807,
                                                                      48.61187146059442
                                                                  ],
                                                                  [
                                                                      6.994503728351811,
                                                                      48.59596380824709
                                                                  ],
                                                                  [
                                                                      7.034244738955548,
                                                                      48.58041837913675
                                                                  ],
                                                                  [
                                                                      7.05703294231895,
                                                                      48.55111677598128
                                                                  ],
                                                                  [
                                                                      7.079359770973246,
                                                                      48.53641761270014
                                                                  ],
                                                                  [
                                                                      7.064487678486664,
                                                                      48.52339791207404
                                                                  ],
                                                                  [
                                                                      7.080630193411291,
                                                                      48.51267454477156
                                                                  ],
                                                                  [
                                                                      7.123165369028565,
                                                                      48.513592265556596
                                                                  ],
                                                                  [
                                                                      7.094019735640854,
                                                                      48.512952288683174
                                                                  ],
                                                                  [
                                                                      7.050540315367024,
                                                                      48.49487862493578
                                                                  ],
                                                                  [
                                                                      6.9829860045628855,
                                                                      48.47905957978556
                                                                  ],
                                                                  [
                                                                      6.894133940205172,
                                                                      48.419480410764045
                                                                  ],
                                                                  [
                                                                      6.866316381673087,
                                                                      48.43184823377053
                                                                  ],
                                                                  [
                                                                      6.828255495843522,
                                                                      48.41660943907006
                                                                  ],
                                                                  [
                                                                      6.815166528707746,
                                                                      48.398846200565345
                                                                  ],
                                                                  [
                                                                      6.768836777292687,
                                                                      48.39954530354836
                                                                  ],
                                                                  [
                                                                      6.760669183398023,
                                                                      48.411666746640414
                                                                  ],
                                                                  [
                                                                      6.6994983396482075,
                                                                      48.41308754075586
                                                                  ],
                                                                  [
                                                                      6.648289899981963,
                                                                      48.433884724429255
                                                                  ],
                                                                  [
                                                                      6.62369925487009,
                                                                      48.473102199556955
                                                                  ],
                                                                  [
                                                                      6.584971476704244,
                                                                      48.46050916362013
                                                                  ],
                                                                  [
                                                                      6.568134528831446,
                                                                      48.438701194783874
                                                                  ],
                                                                  [
                                                                      6.583870758203037,
                                                                      48.417225395440674
                                                                  ],
                                                                  [
                                                                      6.5337102147419674,
                                                                      48.4313569295525
                                                                  ],
                                                                  [
                                                                      6.500755073004984,
                                                                      48.41423379500427
                                                                  ],
                                                                  [
                                                                      6.450365847505534,
                                                                      48.41505383549833
                                                                  ],
                                                                  [
                                                                      6.422399441358526,
                                                                      48.40728279397748
                                                                  ],
                                                                  [
                                                                      6.3313164158672315,
                                                                      48.404817172837355
                                                                  ],
                                                                  [
                                                                      6.305674808715067,
                                                                      48.41318887901744
                                                                  ],
                                                                  [
                                                                      6.3012588451180624,
                                                                      48.43051921403982
                                                                  ],
                                                                  [
                                                                      6.270297573655838,
                                                                      48.42610067601965
                                                                  ],
                                                                  [
                                                                      6.260443354875095,
                                                                      48.40640078999615
                                                                  ],
                                                                  [
                                                                      6.23209682220264,
                                                                      48.400225955022414
                                                                  ],
                                                                  [
                                                                      6.178419125638964,
                                                                      48.397598877997915
                                                                  ],
                                                                  [
                                                                      6.147083853210351,
                                                                      48.404242546398436
                                                                  ],
                                                                  [
                                                                      6.152354370824704,
                                                                      48.38097163461962
                                                                  ],
                                                                  [
                                                                      6.116723785728533,
                                                                      48.35403844099854
                                                                  ],
                                                                  [
                                                                      6.097642409054446,
                                                                      48.37159231795909
                                                                  ],
                                                                  [
                                                                      6.066019115933426,
                                                                      48.359278767448906
                                                                  ],
                                                                  [
                                                                      6.053418454701744,
                                                                      48.365636733016395
                                                                  ],
                                                                  [
                                                                      6.025234465713196,
                                                                      48.356969332010294
                                                                  ],
                                                                  [
                                                                      6.004066285882898,
                                                                      48.36147870334314
                                                                  ],
                                                                  [
                                                                      5.960066474604184,
                                                                      48.35072931908477
                                                                  ],
                                                                  [
                                                                      5.944654250679005,
                                                                      48.37581815056828
                                                                  ],
                                                                  [
                                                                      5.954936403333502,
                                                                      48.387329103706854
                                                                  ],
                                                                  [
                                                                      5.935989530326643,
                                                                      48.40287986588223
                                                                  ],
                                                                  [
                                                                      5.879136424841787,
                                                                      48.403869307586056
                                                                  ],
                                                                  [
                                                                      5.859177083813666,
                                                                      48.41623563816792
                                                                  ],
                                                                  [
                                                                      5.8989549292934935,
                                                                      48.44671533650002
                                                                  ],
                                                                  [
                                                                      5.886926216153374,
                                                                      48.45386839126565
                                                                  ],
                                                                  [
                                                                      5.903569430927025,
                                                                      48.48024393097157
                                                                  ],
                                                                  [
                                                                      5.8881463197842825,
                                                                      48.49400616317709
                                                                  ],
                                                                  [
                                                                      5.856069666360071,
                                                                      48.506844385585524
                                                                  ],
                                                                  [
                                                                      5.8141526013422045,
                                                                      48.49819514538156
                                                                  ],
                                                                  [
                                                                      5.787024028409427,
                                                                      48.48291106954139
                                                                  ],
                                                                  [
                                                                      5.765154701602298,
                                                                      48.49649260851312
                                                                  ],
                                                                  [
                                                                      5.761049602880216,
                                                                      48.521683894153604
                                                                  ],
                                                                  [
                                                                      5.776263522421036,
                                                                      48.54107814064725
                                                                  ],
                                                                  [
                                                                      5.71608982178375,
                                                                      48.561424169817386
                                                                  ],
                                                                  [
                                                                      5.718661477131132,
                                                                      48.59033867223855
                                                                  ],
                                                                  [
                                                                      5.7647290820585555,
                                                                      48.60790861161145
                                                                  ],
                                                                  [
                                                                      5.772143533804788,
                                                                      48.6202830387491
                                                                  ],
                                                                  [
                                                                      5.7445806082888415,
                                                                      48.653070921811086
                                                                  ],
                                                                  [
                                                                      5.744957392577322,
                                                                      48.67137758077308
                                                                  ],
                                                                  [
                                                                      5.7646010210683505,
                                                                      48.701073717982744
                                                                  ],
                                                                  [
                                                                      5.75271389850188,
                                                                      48.714164509499184
                                                                  ],
                                                                  [
                                                                      5.719037232595988,
                                                                      48.73290914785586
                                                                  ],
                                                                  [
                                                                      5.714036349479591,
                                                                      48.744533308856504
                                                                  ],
                                                                  [
                                                                      5.741889978939901,
                                                                      48.75279715005143
                                                                  ],
                                                                  [
                                                                      5.740251235774411,
                                                                      48.77265140486108
                                                                  ],
                                                                  [
                                                                      5.767728814139585,
                                                                      48.79014237286009
                                                                  ],
                                                                  [
                                                                      5.781194766587596,
                                                                      48.83501432221366
                                                                  ],
                                                                  [
                                                                      5.765548217904568,
                                                                      48.87307300517377
                                                                  ],
                                                                  [
                                                                      5.7910610910637805,
                                                                      48.88661747785826
                                                                  ],
                                                                  [
                                                                      5.765854111109667,
                                                                      48.89809074303494
                                                                  ],
                                                                  [
                                                                      5.747161790828688,
                                                                      48.91525787263704
                                                                  ],
                                                                  [
                                                                      5.779494546763762,
                                                                      48.925543676493376
                                                                  ],
                                                                  [
                                                                      5.800245290300757,
                                                                      48.94674605759089
                                                                  ],
                                                                  [
                                                                      5.817089167952623,
                                                                      48.94245503424679
                                                                  ],
                                                                  [
                                                                      5.847269852543282,
                                                                      48.95178377098051
                                                                  ],
                                                                  [
                                                                      5.847464234333094,
                                                                      48.96231608120681
                                                                  ],
                                                                  [
                                                                      5.80326928510364,
                                                                      48.98585252935934
                                                                  ],
                                                                  [
                                                                      5.815223115374213,
                                                                      48.99679278215558
                                                                  ],
                                                                  [
                                                                      5.821881378508286,
                                                                      49.022693614160396
                                                                  ],
                                                                  [
                                                                      5.85417290109245,
                                                                      49.04241757672373
                                                                  ],
                                                                  [
                                                                      5.808379157586719,
                                                                      49.075815388035736
                                                                  ],
                                                                  [
                                                                      5.821401407633705,
                                                                      49.08761132685174
                                                                  ],
                                                                  [
                                                                      5.817853206320084,
                                                                      49.11104150017413
                                                                  ],
                                                                  [
                                                                      5.783813515045618,
                                                                      49.11260817951947
                                                                  ],
                                                                  [
                                                                      5.771295494951546,
                                                                      49.10609592152142
                                                                  ],
                                                                  [
                                                                      5.746940032204187,
                                                                      49.12460282697201
                                                                  ],
                                                                  [
                                                                      5.7598104959514655,
                                                                      49.1500556297571
                                                                  ],
                                                                  [
                                                                      5.744850073758657,
                                                                      49.156560167159334
                                                                  ],
                                                                  [
                                                                      5.765544232834611,
                                                                      49.198088628043735
                                                                  ],
                                                                  [
                                                                      5.725126551060128,
                                                                      49.19564550252695
                                                                  ],
                                                                  [
                                                                      5.719044394768754,
                                                                      49.215986946421715
                                                                  ],
                                                                  [
                                                                      5.7405557083585155,
                                                                      49.23011722139386
                                                                  ],
                                                                  [
                                                                      5.720933295684269,
                                                                      49.24770674117828
                                                                  ],
                                                                  [
                                                                      5.7307018275006305,
                                                                      49.269793739617505
                                                                  ],
                                                                  [
                                                                      5.760519022687266,
                                                                      49.28011599684701
                                                                  ],
                                                                  [
                                                                      5.768385347743778,
                                                                      49.30323265211939
                                                                  ],
                                                                  [
                                                                      5.731786006583374,
                                                                      49.311343191085655
                                                                  ],
                                                                  [
                                                                      5.721511174836554,
                                                                      49.331722881180944
                                                                  ],
                                                                  [
                                                                      5.738361460568846,
                                                                      49.35203800497206
                                                                  ],
                                                                  [
                                                                      5.703787894109554,
                                                                      49.38822577419103
                                                                  ],
                                                                  [
                                                                      5.6873570419508095,
                                                                      49.39388035166439
                                                                  ],
                                                                  [
                                                                      5.692251573142445,
                                                                      49.415032283683246
                                                                  ],
                                                                  [
                                                                      5.634565984546508,
                                                                      49.43743606551583
                                                                  ],
                                                                  [
                                                                      5.605732699304691,
                                                                      49.420038245637656
                                                                  ],
                                                                  [
                                                                      5.570360828663015,
                                                                      49.42337579247067
                                                                  ],
                                                                  [
                                                                      5.529099312496953,
                                                                      49.40737462726648
                                                                  ],
                                                                  [
                                                                      5.501152367426069,
                                                                      49.40854921219478
                                                                  ],
                                                                  [
                                                                      5.49401344811939,
                                                                      49.39033314948081
                                                                  ],
                                                                  [
                                                                      5.465505385541393,
                                                                      49.39543214203441
                                                                  ],
                                                                  [
                                                                      5.473184918539263,
                                                                      49.410751894615125
                                                                  ],
                                                                  [
                                                                      5.494194442210637,
                                                                      49.40716409539809
                                                                  ],
                                                                  [
                                                                      5.5082075510446815,
                                                                      49.42126281023766
                                                                  ],
                                                                  [
                                                                      5.479078499230624,
                                                                      49.42581983768407
                                                                  ],
                                                                  [
                                                                      5.484917984168407,
                                                                      49.447407925985885
                                                                  ],
                                                                  [
                                                                      5.464077098251315,
                                                                      49.48166228909141
                                                                  ],
                                                                  [
                                                                      5.470910130592771,
                                                                      49.49720502129504
                                                                  ]
                                                              ]
                                                          ]
                                      },
                         "properties":  {
                                            "code":  "54",
                                            "nom":  "Meurthe-et-Moselle"
                                        }
                     },
                     {
                         "type":  "Feature",
                         "geometry":  {
                                          "type":  "Polygon",
                                          "coordinates":  [
                                                              [
                                                                  [
                                                                      4.950989232683009,
                                                                      49.23686584630137
                                                                  ],
                                                                  [
                                                                      4.964355608998914,
                                                                      49.24744898908259
                                                                  ],
                                                                  [
                                                                      5.0490438324721545,
                                                                      49.285310734141504
                                                                  ],
                                                                  [
                                                                      5.029829036850663,
                                                                      49.31126357145343
                                                                  ],
                                                                  [
                                                                      5.026436999727152,
                                                                      49.33591387470532
                                                                  ],
                                                                  [
                                                                      5.053405249590282,
                                                                      49.35696721044802
                                                                  ],
                                                                  [
                                                                      5.060208646165214,
                                                                      49.3715170366231
                                                                  ],
                                                                  [
                                                                      5.089930289451002,
                                                                      49.370323496215384
                                                                  ],
                                                                  [
                                                                      5.10414955392406,
                                                                      49.38977780781045
                                                                  ],
                                                                  [
                                                                      5.088196804414101,
                                                                      49.40639195324937
                                                                  ],
                                                                  [
                                                                      5.105323165099615,
                                                                      49.42524686929281
                                                                  ],
                                                                  [
                                                                      5.083514142411665,
                                                                      49.48411961123408
                                                                  ],
                                                                  [
                                                                      5.062396105126222,
                                                                      49.49915347170529
                                                                  ],
                                                                  [
                                                                      5.079628538782785,
                                                                      49.50986338174908
                                                                  ],
                                                                  [
                                                                      5.100584675318172,
                                                                      49.53581688248469
                                                                  ],
                                                                  [
                                                                      5.0894348019213345,
                                                                      49.54153840662955
                                                                  ],
                                                                  [
                                                                      5.118278729173794,
                                                                      49.59307211738766
                                                                  ],
                                                                  [
                                                                      5.144850262012005,
                                                                      49.589890809096836
                                                                  ],
                                                                  [
                                                                      5.162975033383016,
                                                                      49.56353425622026
                                                                  ],
                                                                  [
                                                                      5.2130512805303555,
                                                                      49.573482704275165
                                                                  ],
                                                                  [
                                                                      5.232756898423872,
                                                                      49.56948078917659
                                                                  ],
                                                                  [
                                                                      5.262709976999561,
                                                                      49.54181962580043
                                                                  ],
                                                                  [
                                                                      5.311770447172107,
                                                                      49.55928969326421
                                                                  ],
                                                                  [
                                                                      5.339875065404366,
                                                                      49.59248374512851
                                                                  ],
                                                                  [
                                                                      5.379377254594306,
                                                                      49.59433240963621
                                                                  ],
                                                                  [
                                                                      5.393536658328508,
                                                                      49.61708773850276
                                                                  ],
                                                                  [
                                                                      5.430990436352139,
                                                                      49.592779697501115
                                                                  ],
                                                                  [
                                                                      5.441967127749439,
                                                                      49.55082330374587
                                                                  ],
                                                                  [
                                                                      5.465066186620626,
                                                                      49.53886525112502
                                                                  ],
                                                                  [
                                                                      5.447572873980034,
                                                                      49.517370291127484
                                                                  ],
                                                                  [
                                                                      5.470910130592771,
                                                                      49.49720502129504
                                                                  ],
                                                                  [
                                                                      5.464077098251315,
                                                                      49.48166228909141
                                                                  ],
                                                                  [
                                                                      5.484917984168407,
                                                                      49.447407925985885
                                                                  ],
                                                                  [
                                                                      5.479078499230624,
                                                                      49.42581983768407
                                                                  ],
                                                                  [
                                                                      5.5082075510446815,
                                                                      49.42126281023766
                                                                  ],
                                                                  [
                                                                      5.494194442210637,
                                                                      49.40716409539809
                                                                  ],
                                                                  [
                                                                      5.473184918539263,
                                                                      49.410751894615125
                                                                  ],
                                                                  [
                                                                      5.465505385541393,
                                                                      49.39543214203441
                                                                  ],
                                                                  [
                                                                      5.49401344811939,
                                                                      49.39033314948081
                                                                  ],
                                                                  [
                                                                      5.501152367426069,
                                                                      49.40854921219478
                                                                  ],
                                                                  [
                                                                      5.529099312496953,
                                                                      49.40737462726648
                                                                  ],
                                                                  [
                                                                      5.570360828663015,
                                                                      49.42337579247067
                                                                  ],
                                                                  [
                                                                      5.605732699304691,
                                                                      49.420038245637656
                                                                  ],
                                                                  [
                                                                      5.634565984546508,
                                                                      49.43743606551583
                                                                  ],
                                                                  [
                                                                      5.692251573142445,
                                                                      49.415032283683246
                                                                  ],
                                                                  [
                                                                      5.6873570419508095,
                                                                      49.39388035166439
                                                                  ],
                                                                  [
                                                                      5.703787894109554,
                                                                      49.38822577419103
                                                                  ],
                                                                  [
                                                                      5.738361460568846,
                                                                      49.35203800497206
                                                                  ],
                                                                  [
                                                                      5.721511174836554,
                                                                      49.331722881180944
                                                                  ],
                                                                  [
                                                                      5.731786006583374,
                                                                      49.311343191085655
                                                                  ],
                                                                  [
                                                                      5.768385347743778,
                                                                      49.30323265211939
                                                                  ],
                                                                  [
                                                                      5.760519022687266,
                                                                      49.28011599684701
                                                                  ],
                                                                  [
                                                                      5.7307018275006305,
                                                                      49.269793739617505
                                                                  ],
                                                                  [
                                                                      5.720933295684269,
                                                                      49.24770674117828
                                                                  ],
                                                                  [
                                                                      5.7405557083585155,
                                                                      49.23011722139386
                                                                  ],
                                                                  [
                                                                      5.719044394768754,
                                                                      49.215986946421715
                                                                  ],
                                                                  [
                                                                      5.725126551060128,
                                                                      49.19564550252695
                                                                  ],
                                                                  [
                                                                      5.765544232834611,
                                                                      49.198088628043735
                                                                  ],
                                                                  [
                                                                      5.744850073758657,
                                                                      49.156560167159334
                                                                  ],
                                                                  [
                                                                      5.7598104959514655,
                                                                      49.1500556297571
                                                                  ],
                                                                  [
                                                                      5.746940032204187,
                                                                      49.12460282697201
                                                                  ],
                                                                  [
                                                                      5.771295494951546,
                                                                      49.10609592152142
                                                                  ],
                                                                  [
                                                                      5.783813515045618,
                                                                      49.11260817951947
                                                                  ],
                                                                  [
                                                                      5.817853206320084,
                                                                      49.11104150017413
                                                                  ],
                                                                  [
                                                                      5.821401407633705,
                                                                      49.08761132685174
                                                                  ],
                                                                  [
                                                                      5.808379157586719,
                                                                      49.075815388035736
                                                                  ],
                                                                  [
                                                                      5.85417290109245,
                                                                      49.04241757672373
                                                                  ],
                                                                  [
                                                                      5.821881378508286,
                                                                      49.022693614160396
                                                                  ],
                                                                  [
                                                                      5.815223115374213,
                                                                      48.99679278215558
                                                                  ],
                                                                  [
                                                                      5.80326928510364,
                                                                      48.98585252935934
                                                                  ],
                                                                  [
                                                                      5.847464234333094,
                                                                      48.96231608120681
                                                                  ],
                                                                  [
                                                                      5.847269852543282,
                                                                      48.95178377098051
                                                                  ],
                                                                  [
                                                                      5.817089167952623,
                                                                      48.94245503424679
                                                                  ],
                                                                  [
                                                                      5.800245290300757,
                                                                      48.94674605759089
                                                                  ],
                                                                  [
                                                                      5.779494546763762,
                                                                      48.925543676493376
                                                                  ],
                                                                  [
                                                                      5.747161790828688,
                                                                      48.91525787263704
                                                                  ],
                                                                  [
                                                                      5.765854111109667,
                                                                      48.89809074303494
                                                                  ],
                                                                  [
                                                                      5.7910610910637805,
                                                                      48.88661747785826
                                                                  ],
                                                                  [
                                                                      5.765548217904568,
                                                                      48.87307300517377
                                                                  ],
                                                                  [
                                                                      5.781194766587596,
                                                                      48.83501432221366
                                                                  ],
                                                                  [
                                                                      5.767728814139585,
                                                                      48.79014237286009
                                                                  ],
                                                                  [
                                                                      5.740251235774411,
                                                                      48.77265140486108
                                                                  ],
                                                                  [
                                                                      5.741889978939901,
                                                                      48.75279715005143
                                                                  ],
                                                                  [
                                                                      5.714036349479591,
                                                                      48.744533308856504
                                                                  ],
                                                                  [
                                                                      5.719037232595988,
                                                                      48.73290914785586
                                                                  ],
                                                                  [
                                                                      5.75271389850188,
                                                                      48.714164509499184
                                                                  ],
                                                                  [
                                                                      5.7646010210683505,
                                                                      48.701073717982744
                                                                  ],
                                                                  [
                                                                      5.744957392577322,
                                                                      48.67137758077308
                                                                  ],
                                                                  [
                                                                      5.7445806082888415,
                                                                      48.653070921811086
                                                                  ],
                                                                  [
                                                                      5.772143533804788,
                                                                      48.6202830387491
                                                                  ],
                                                                  [
                                                                      5.7647290820585555,
                                                                      48.60790861161145
                                                                  ],
                                                                  [
                                                                      5.718661477131132,
                                                                      48.59033867223855
                                                                  ],
                                                                  [
                                                                      5.71608982178375,
                                                                      48.561424169817386
                                                                  ],
                                                                  [
                                                                      5.776263522421036,
                                                                      48.54107814064725
                                                                  ],
                                                                  [
                                                                      5.761049602880216,
                                                                      48.521683894153604
                                                                  ],
                                                                  [
                                                                      5.765154701602298,
                                                                      48.49649260851312
                                                                  ],
                                                                  [
                                                                      5.7385787703210624,
                                                                      48.466071385805314
                                                                  ],
                                                                  [
                                                                      5.713228409793979,
                                                                      48.46034355947541
                                                                  ],
                                                                  [
                                                                      5.67902361096049,
                                                                      48.47139115386205
                                                                  ],
                                                                  [
                                                                      5.6151325162349,
                                                                      48.44043873717153
                                                                  ],
                                                                  [
                                                                      5.564650216197492,
                                                                      48.441090759508775
                                                                  ],
                                                                  [
                                                                      5.520280149216775,
                                                                      48.43239263092878
                                                                  ],
                                                                  [
                                                                      5.510986594146936,
                                                                      48.41821515231162
                                                                  ],
                                                                  [
                                                                      5.470061704426128,
                                                                      48.42092884036511
                                                                  ],
                                                                  [
                                                                      5.445157350390678,
                                                                      48.425081250152175
                                                                  ],
                                                                  [
                                                                      5.408498570986399,
                                                                      48.445794580180355
                                                                  ],
                                                                  [
                                                                      5.406054924803939,
                                                                      48.46539304073884
                                                                  ],
                                                                  [
                                                                      5.349469998299744,
                                                                      48.48198867902053
                                                                  ],
                                                                  [
                                                                      5.327278259522607,
                                                                      48.50479938800887
                                                                  ],
                                                                  [
                                                                      5.305623464696029,
                                                                      48.51591327057272
                                                                  ],
                                                                  [
                                                                      5.264870353729535,
                                                                      48.51920792199762
                                                                  ],
                                                                  [
                                                                      5.208425883036941,
                                                                      48.53861075457746
                                                                  ],
                                                                  [
                                                                      5.173113022339201,
                                                                      48.55631460308862
                                                                  ],
                                                                  [
                                                                      5.144873587885955,
                                                                      48.562874491019556
                                                                  ],
                                                                  [
                                                                      5.117905583758205,
                                                                      48.58495445930086
                                                                  ],
                                                                  [
                                                                      5.070374138899134,
                                                                      48.59610309669313
                                                                  ],
                                                                  [
                                                                      5.049692721915686,
                                                                      48.631265806018796
                                                                  ],
                                                                  [
                                                                      5.032284450963603,
                                                                      48.61329817233609
                                                                  ],
                                                                  [
                                                                      5.0141448684428935,
                                                                      48.610214170115775
                                                                  ],
                                                                  [
                                                                      4.99466786336989,
                                                                      48.62182551829475
                                                                  ],
                                                                  [
                                                                      5.00616236089035,
                                                                      48.63348264533262
                                                                  ],
                                                                  [
                                                                      4.992811815436962,
                                                                      48.65827053404921
                                                                  ],
                                                                  [
                                                                      5.008333278861154,
                                                                      48.67023772723031
                                                                  ],
                                                                  [
                                                                      4.988427677798425,
                                                                      48.684418562233176
                                                                  ],
                                                                  [
                                                                      5.011787133446862,
                                                                      48.70669113644506
                                                                  ],
                                                                  [
                                                                      5.009219993538869,
                                                                      48.74139150464051
                                                                  ],
                                                                  [
                                                                      4.990124563499123,
                                                                      48.74183736486811
                                                                  ],
                                                                  [
                                                                      4.947881817618987,
                                                                      48.771602644481156
                                                                  ],
                                                                  [
                                                                      4.934571757746961,
                                                                      48.790360787111126
                                                                  ],
                                                                  [
                                                                      4.889557040484959,
                                                                      48.798206203700566
                                                                  ],
                                                                  [
                                                                      4.888760929797642,
                                                                      48.81720971453769
                                                                  ],
                                                                  [
                                                                      4.93570201866688,
                                                                      48.840631475686905
                                                                  ],
                                                                  [
                                                                      4.924676889741789,
                                                                      48.86463057973145
                                                                  ],
                                                                  [
                                                                      4.924696402833776,
                                                                      48.89135651199283
                                                                  ],
                                                                  [
                                                                      4.915798542054488,
                                                                      48.89979310962273
                                                                  ],
                                                                  [
                                                                      4.9362093920054075,
                                                                      48.92214239512387
                                                                  ],
                                                                  [
                                                                      4.986405609443761,
                                                                      48.93190826599592
                                                                  ],
                                                                  [
                                                                      5.030128675561755,
                                                                      48.95690245547182
                                                                  ],
                                                                  [
                                                                      5.037904334159841,
                                                                      48.9730160560533
                                                                  ],
                                                                  [
                                                                      5.004646480636104,
                                                                      48.98364213966209
                                                                  ],
                                                                  [
                                                                      5.032675426761192,
                                                                      48.99373965141204
                                                                  ],
                                                                  [
                                                                      5.036321445219877,
                                                                      49.02433254954083
                                                                  ],
                                                                  [
                                                                      5.0076814026818575,
                                                                      49.03495195077163
                                                                  ],
                                                                  [
                                                                      4.96844159954904,
                                                                      49.02290133721377
                                                                  ],
                                                                  [
                                                                      5.005744190171552,
                                                                      49.05987214490083
                                                                  ],
                                                                  [
                                                                      4.99213130434257,
                                                                      49.114899861463385
                                                                  ],
                                                                  [
                                                                      4.974408367068746,
                                                                      49.13340447110328
                                                                  ],
                                                                  [
                                                                      4.953397966379194,
                                                                      49.17195155260111
                                                                  ],
                                                                  [
                                                                      4.9397619983736725,
                                                                      49.18506820457861
                                                                  ],
                                                                  [
                                                                      4.993377429884994,
                                                                      49.20962536427259
                                                                  ],
                                                                  [
                                                                      4.970761881963812,
                                                                      49.23605865097721
                                                                  ],
                                                                  [
                                                                      4.950989232683009,
                                                                      49.23686584630137
                                                                  ]
                                                              ]
                                                          ]
                                      },
                         "properties":  {
                                            "code":  "55",
                                            "nom":  "Meuse"
                                        }
                     },
                     {
                         "type":  "Feature",
                         "geometry":  {
                                          "type":  "Polygon",
                                          "coordinates":  [
                                                              [
                                                                  [
                                                                      5.893401083719673,
                                                                      49.496909750110916
                                                                  ],
                                                                  [
                                                                      5.939944946897957,
                                                                      49.50096978911359
                                                                  ],
                                                                  [
                                                                      5.971783320923806,
                                                                      49.4913163055914
                                                                  ],
                                                                  [
                                                                      5.982536594108972,
                                                                      49.45105527746582
                                                                  ],
                                                                  [
                                                                      6.02765177650771,
                                                                      49.455538917030424
                                                                  ],
                                                                  [
                                                                      6.055623323914133,
                                                                      49.46535978168454
                                                                  ],
                                                                  [
                                                                      6.076705098128764,
                                                                      49.463656672860225
                                                                  ],
                                                                  [
                                                                      6.123474712997803,
                                                                      49.473441852078615
                                                                  ],
                                                                  [
                                                                      6.155249287805073,
                                                                      49.50381182382041
                                                                  ],
                                                                  [
                                                                      6.256413026994873,
                                                                      49.5100225584692
                                                                  ],
                                                                  [
                                                                      6.279098229910086,
                                                                      49.50335719786734
                                                                  ],
                                                                  [
                                                                      6.296571041016304,
                                                                      49.480106944913075
                                                                  ],
                                                                  [
                                                                      6.312489363480976,
                                                                      49.48032031550801
                                                                  ],
                                                                  [
                                                                      6.364391072331403,
                                                                      49.459485597794696
                                                                  ],
                                                                  [
                                                                      6.407623710243866,
                                                                      49.4675154675881
                                                                  ],
                                                                  [
                                                                      6.419090928661235,
                                                                      49.474937866427084
                                                                  ],
                                                                  [
                                                                      6.470082245543733,
                                                                      49.462763723134074
                                                                  ],
                                                                  [
                                                                      6.554360572853942,
                                                                      49.41838313208105
                                                                  ],
                                                                  [
                                                                      6.5405283477242735,
                                                                      49.401145041619664
                                                                  ],
                                                                  [
                                                                      6.563269082557648,
                                                                      49.38828526012536
                                                                  ],
                                                                  [
                                                                      6.587074296882195,
                                                                      49.3849358288203
                                                                  ],
                                                                  [
                                                                      6.568452040389599,
                                                                      49.3449154814342
                                                                  ],
                                                                  [
                                                                      6.5955807025304996,
                                                                      49.33027144782366
                                                                  ],
                                                                  [
                                                                      6.588884741951244,
                                                                      49.32209317831749
                                                                  ],
                                                                  [
                                                                      6.6175524843963345,
                                                                      49.302169283821854
                                                                  ],
                                                                  [
                                                                      6.638579265784432,
                                                                      49.29553478914614
                                                                  ],
                                                                  [
                                                                      6.660330281989145,
                                                                      49.26096781243674
                                                                  ],
                                                                  [
                                                                      6.684616608971706,
                                                                      49.24231882936001
                                                                  ],
                                                                  [
                                                                      6.694810016062328,
                                                                      49.21590718897018
                                                                  ],
                                                                  [
                                                                      6.71965859480421,
                                                                      49.22137943216265
                                                                  ],
                                                                  [
                                                                      6.731498100833765,
                                                                      49.2060909576377
                                                                  ],
                                                                  [
                                                                      6.711364818806887,
                                                                      49.188541683234874
                                                                  ],
                                                                  [
                                                                      6.738512367681464,
                                                                      49.16366113912631
                                                                  ],
                                                                  [
                                                                      6.7845550558709675,
                                                                      49.168090266711616
                                                                  ],
                                                                  [
                                                                      6.834537718950126,
                                                                      49.151466712468384
                                                                  ],
                                                                  [
                                                                      6.8609420718719845,
                                                                      49.17871523308854
                                                                  ],
                                                                  [
                                                                      6.851537824818373,
                                                                      49.200484084387014
                                                                  ],
                                                                  [
                                                                      6.835378369933188,
                                                                      49.21132385245782
                                                                  ],
                                                                  [
                                                                      6.857449193294861,
                                                                      49.222275027981475
                                                                  ],
                                                                  [
                                                                      6.885215505575565,
                                                                      49.21104948546778
                                                                  ],
                                                                  [
                                                                      6.9354255357579655,
                                                                      49.22215593921376
                                                                  ],
                                                                  [
                                                                      6.959285196153518,
                                                                      49.20300203966244
                                                                  ],
                                                                  [
                                                                      6.974631643711455,
                                                                      49.20981472133559
                                                                  ],
                                                                  [
                                                                      6.998806412798309,
                                                                      49.19427844167972
                                                                  ],
                                                                  [
                                                                      7.034324960729169,
                                                                      49.189681536322034
                                                                  ],
                                                                  [
                                                                      7.0276480006522135,
                                                                      49.17008240822472
                                                                  ],
                                                                  [
                                                                      7.046147533263103,
                                                                      49.13856517309118
                                                                  ],
                                                                  [
                                                                      7.054297461807657,
                                                                      49.1126326923314
                                                                  ],
                                                                  [
                                                                      7.102777636286391,
                                                                      49.140499445767595
                                                                  ],
                                                                  [
                                                                      7.156729211133253,
                                                                      49.121305964534294
                                                                  ],
                                                                  [
                                                                      7.183938532639857,
                                                                      49.130733985517935
                                                                  ],
                                                                  [
                                                                      7.206632231887248,
                                                                      49.123477362718766
                                                                  ],
                                                                  [
                                                                      7.245302859127929,
                                                                      49.129807084465035
                                                                  ],
                                                                  [
                                                                      7.282600803455493,
                                                                      49.11693169088899
                                                                  ],
                                                                  [
                                                                      7.298652796709717,
                                                                      49.117457118012105
                                                                  ],
                                                                  [
                                                                      7.329841252153916,
                                                                      49.144944493025186
                                                                  ],
                                                                  [
                                                                      7.36284676727469,
                                                                      49.14521917131234
                                                                  ],
                                                                  [
                                                                      7.366092677702596,
                                                                      49.172465701358625
                                                                  ],
                                                                  [
                                                                      7.4450608117676325,
                                                                      49.18430555508701
                                                                  ],
                                                                  [
                                                                      7.4552291504089965,
                                                                      49.16632509495078
                                                                  ],
                                                                  [
                                                                      7.493995166397878,
                                                                      49.16963770649743
                                                                  ],
                                                                  [
                                                                      7.492159555313797,
                                                                      49.14186210733454
                                                                  ],
                                                                  [
                                                                      7.515445437889962,
                                                                      49.12116845523475
                                                                  ],
                                                                  [
                                                                      7.528977470244165,
                                                                      49.097207912439856
                                                                  ],
                                                                  [
                                                                      7.569010373147195,
                                                                      49.07978656309812
                                                                  ],
                                                                  [
                                                                      7.599982064041664,
                                                                      49.08333244993025
                                                                  ],
                                                                  [
                                                                      7.631070828249015,
                                                                      49.07018534790654
                                                                  ],
                                                                  [
                                                                      7.635285449703197,
                                                                      49.0541613551771
                                                                  ],
                                                                  [
                                                                      7.6400276339065405,
                                                                      49.049114242922506
                                                                  ],
                                                                  [
                                                                      7.609553546221074,
                                                                      49.02123201245433
                                                                  ],
                                                                  [
                                                                      7.591218725544888,
                                                                      48.993724868247604
                                                                  ],
                                                                  [
                                                                      7.57839213753989,
                                                                      48.95740241810784
                                                                  ],
                                                                  [
                                                                      7.533247825039657,
                                                                      48.93350273583194
                                                                  ],
                                                                  [
                                                                      7.50187360937539,
                                                                      48.94425222519554
                                                                  ],
                                                                  [
                                                                      7.479572330825655,
                                                                      48.96139105276517
                                                                  ],
                                                                  [
                                                                      7.451630239981024,
                                                                      48.967962755037526
                                                                  ],
                                                                  [
                                                                      7.392311568753424,
                                                                      48.952706941018526
                                                                  ],
                                                                  [
                                                                      7.358876660684313,
                                                                      48.95760287154302
                                                                  ],
                                                                  [
                                                                      7.326851980608823,
                                                                      48.943372742020955
                                                                  ],
                                                                  [
                                                                      7.293949845247019,
                                                                      48.97157404948427
                                                                  ],
                                                                  [
                                                                      7.236031367305892,
                                                                      48.987818615118876
                                                                  ],
                                                                  [
                                                                      7.209311457091751,
                                                                      48.9800881370531
                                                                  ],
                                                                  [
                                                                      7.174240270723143,
                                                                      49.006365681338195
                                                                  ],
                                                                  [
                                                                      7.130505931552783,
                                                                      49.00459350678602
                                                                  ],
                                                                  [
                                                                      7.119477346819226,
                                                                      49.03721652969957
                                                                  ],
                                                                  [
                                                                      7.108081132396537,
                                                                      49.04341471828652
                                                                  ],
                                                                  [
                                                                      7.103885148469087,
                                                                      49.074161754697926
                                                                  ],
                                                                  [
                                                                      7.068107134587352,
                                                                      49.066879969038716
                                                                  ],
                                                                  [
                                                                      7.078659891943001,
                                                                      49.05036062768427
                                                                  ],
                                                                  [
                                                                      7.054911912536333,
                                                                      49.03061918771655
                                                                  ],
                                                                  [
                                                                      7.05300726402484,
                                                                      49.00729189414574
                                                                  ],
                                                                  [
                                                                      7.038359726746952,
                                                                      48.99687346466287
                                                                  ],
                                                                  [
                                                                      7.032219488521415,
                                                                      48.95604910228417
                                                                  ],
                                                                  [
                                                                      6.98921640979739,
                                                                      48.95992878867804
                                                                  ],
                                                                  [
                                                                      6.978894125394516,
                                                                      48.93334137925148
                                                                  ],
                                                                  [
                                                                      6.955547179403453,
                                                                      48.922319717315936
                                                                  ],
                                                                  [
                                                                      6.964601688658047,
                                                                      48.90452526765522
                                                                  ],
                                                                  [
                                                                      6.988916052470446,
                                                                      48.8911922591983
                                                                  ],
                                                                  [
                                                                      7.044405156028646,
                                                                      48.87353491651631
                                                                  ],
                                                                  [
                                                                      7.050249140492324,
                                                                      48.85934342449812
                                                                  ],
                                                                  [
                                                                      7.081165552464466,
                                                                      48.864100481733125
                                                                  ],
                                                                  [
                                                                      7.086623738193806,
                                                                      48.847740597072104
                                                                  ],
                                                                  [
                                                                      7.051334597348638,
                                                                      48.84628529036997
                                                                  ],
                                                                  [
                                                                      7.054514540544794,
                                                                      48.813704386223854
                                                                  ],
                                                                  [
                                                                      7.079303305840072,
                                                                      48.81404016744667
                                                                  ],
                                                                  [
                                                                      7.088166864000689,
                                                                      48.79249269644048
                                                                  ],
                                                                  [
                                                                      7.1231658021967155,
                                                                      48.80450097964112
                                                                  ],
                                                                  [
                                                                      7.146671555297553,
                                                                      48.82130284961471
                                                                  ],
                                                                  [
                                                                      7.149408408912651,
                                                                      48.84470403837187
                                                                  ],
                                                                  [
                                                                      7.195876686739622,
                                                                      48.840397988184655
                                                                  ],
                                                                  [
                                                                      7.196675525429877,
                                                                      48.828301758643974
                                                                  ],
                                                                  [
                                                                      7.228655644882326,
                                                                      48.828038818777635
                                                                  ],
                                                                  [
                                                                      7.262026914660001,
                                                                      48.797761488092036
                                                                  ],
                                                                  [
                                                                      7.291233271693293,
                                                                      48.79399531609868
                                                                  ],
                                                                  [
                                                                      7.3064497001602975,
                                                                      48.7691099850618
                                                                  ],
                                                                  [
                                                                      7.286884538061931,
                                                                      48.73134414106466
                                                                  ],
                                                                  [
                                                                      7.266625221422177,
                                                                      48.714209030699415
                                                                  ],
                                                                  [
                                                                      7.260168326105747,
                                                                      48.69429915361379
                                                                  ],
                                                                  [
                                                                      7.242261522633183,
                                                                      48.69210964676438
                                                                  ],
                                                                  [
                                                                      7.2645955424124935,
                                                                      48.662703775725404
                                                                  ],
                                                                  [
                                                                      7.30435493964854,
                                                                      48.6602012988693
                                                                  ],
                                                                  [
                                                                      7.270398382732597,
                                                                      48.63054438708614
                                                                  ],
                                                                  [
                                                                      7.278427796440234,
                                                                      48.625202388791344
                                                                  ],
                                                                  [
                                                                      7.256388448234081,
                                                                      48.60150853250187
                                                                  ],
                                                                  [
                                                                      7.256281654444217,
                                                                      48.588675507652
                                                                  ],
                                                                  [
                                                                      7.2183172603088295,
                                                                      48.55264406598888
                                                                  ],
                                                                  [
                                                                      7.1924855682726525,
                                                                      48.54879290260453
                                                                  ],
                                                                  [
                                                                      7.167909935894842,
                                                                      48.527596443549314
                                                                  ],
                                                                  [
                                                                      7.147094880277466,
                                                                      48.52694681230707
                                                                  ],
                                                                  [
                                                                      7.114376678081027,
                                                                      48.537389878992194
                                                                  ],
                                                                  [
                                                                      7.079359770973246,
                                                                      48.53641761270014
                                                                  ],
                                                                  [
                                                                      7.05703294231895,
                                                                      48.55111677598128
                                                                  ],
                                                                  [
                                                                      7.034244738955548,
                                                                      48.58041837913675
                                                                  ],
                                                                  [
                                                                      6.994503728351811,
                                                                      48.59596380824709
                                                                  ],
                                                                  [
                                                                      6.982896473118807,
                                                                      48.61187146059442
                                                                  ],
                                                                  [
                                                                      6.960798228747959,
                                                                      48.60828605857016
                                                                  ],
                                                                  [
                                                                      6.930006989091913,
                                                                      48.6355511656451
                                                                  ],
                                                                  [
                                                                      6.905122950842201,
                                                                      48.61984409056823
                                                                  ],
                                                                  [
                                                                      6.86360548586589,
                                                                      48.62031667084879
                                                                  ],
                                                                  [
                                                                      6.8440535368717015,
                                                                      48.62597500455583
                                                                  ],
                                                                  [
                                                                      6.836628311600907,
                                                                      48.643091017748844
                                                                  ],
                                                                  [
                                                                      6.810500233885349,
                                                                      48.64743317270349
                                                                  ],
                                                                  [
                                                                      6.782490229155465,
                                                                      48.642725006759726
                                                                  ],
                                                                  [
                                                                      6.757341859177665,
                                                                      48.66339528935242
                                                                  ],
                                                                  [
                                                                      6.733850339573668,
                                                                      48.663755791166636
                                                                  ],
                                                                  [
                                                                      6.68791954042715,
                                                                      48.683627810294645
                                                                  ],
                                                                  [
                                                                      6.658407329856351,
                                                                      48.70804728628271
                                                                  ],
                                                                  [
                                                                      6.638020827883166,
                                                                      48.70287255743568
                                                                  ],
                                                                  [
                                                                      6.6236441629626235,
                                                                      48.713682866112556
                                                                  ],
                                                                  [
                                                                      6.598965570952483,
                                                                      48.71569079778236
                                                                  ],
                                                                  [
                                                                      6.594835612692378,
                                                                      48.72922173177475
                                                                  ],
                                                                  [
                                                                      6.564255135947671,
                                                                      48.74995572268137
                                                                  ],
                                                                  [
                                                                      6.5401903328498525,
                                                                      48.75385918265721
                                                                  ],
                                                                  [
                                                                      6.511039646542062,
                                                                      48.74880543901709
                                                                  ],
                                                                  [
                                                                      6.489616200477496,
                                                                      48.765575862224765
                                                                  ],
                                                                  [
                                                                      6.453603381539952,
                                                                      48.765894004837314
                                                                  ],
                                                                  [
                                                                      6.433515038771951,
                                                                      48.78904238593331
                                                                  ],
                                                                  [
                                                                      6.394874246018456,
                                                                      48.77476240981232
                                                                  ],
                                                                  [
                                                                      6.370600538901966,
                                                                      48.78462319426055
                                                                  ],
                                                                  [
                                                                      6.330651430081595,
                                                                      48.82330786866148
                                                                  ],
                                                                  [
                                                                      6.338947107825573,
                                                                      48.834058199828384
                                                                  ],
                                                                  [
                                                                      6.2888587554276025,
                                                                      48.84323273382886
                                                                  ],
                                                                  [
                                                                      6.311714980584929,
                                                                      48.863826545661276
                                                                  ],
                                                                  [
                                                                      6.298269555306107,
                                                                      48.88072376373154
                                                                  ],
                                                                  [
                                                                      6.327264769799276,
                                                                      48.90519552048261
                                                                  ],
                                                                  [
                                                                      6.288337094198781,
                                                                      48.9164057732219
                                                                  ],
                                                                  [
                                                                      6.271977767337417,
                                                                      48.9331355970772
                                                                  ],
                                                                  [
                                                                      6.245534632278756,
                                                                      48.92378375934002
                                                                  ],
                                                                  [
                                                                      6.222641164054098,
                                                                      48.93850513094841
                                                                  ],
                                                                  [
                                                                      6.177120700704927,
                                                                      48.934924104920626
                                                                  ],
                                                                  [
                                                                      6.16233199123861,
                                                                      48.94287521453305
                                                                  ],
                                                                  [
                                                                      6.132207146051102,
                                                                      48.93472094774055
                                                                  ],
                                                                  [
                                                                      6.116912179457586,
                                                                      48.967832850981594
                                                                  ],
                                                                  [
                                                                      6.081322571612109,
                                                                      48.96304750061741
                                                                  ],
                                                                  [
                                                                      6.043435324319259,
                                                                      48.977477915970994
                                                                  ],
                                                                  [
                                                                      6.045110478908419,
                                                                      49.013520358557074
                                                                  ],
                                                                  [
                                                                      5.9532001062961815,
                                                                      49.05400525300155
                                                                  ],
                                                                  [
                                                                      5.924683336615274,
                                                                      49.09212399499875
                                                                  ],
                                                                  [
                                                                      5.931603285178869,
                                                                      49.10910433832356
                                                                  ],
                                                                  [
                                                                      5.997395942366339,
                                                                      49.10784182738146
                                                                  ],
                                                                  [
                                                                      6.00491999554859,
                                                                      49.113988280244584
                                                                  ],
                                                                  [
                                                                      5.981384937221558,
                                                                      49.14445423565313
                                                                  ],
                                                                  [
                                                                      6.0261499402444025,
                                                                      49.16511893599002
                                                                  ],
                                                                  [
                                                                      6.002250831363206,
                                                                      49.185007006720355
                                                                  ],
                                                                  [
                                                                      5.982834325573433,
                                                                      49.18651522282689
                                                                  ],
                                                                  [
                                                                      5.987627297222747,
                                                                      49.20961691713355
                                                                  ],
                                                                  [
                                                                      6.029385386695151,
                                                                      49.23047199221416
                                                                  ],
                                                                  [
                                                                      6.0286095479587445,
                                                                      49.24841255130629
                                                                  ],
                                                                  [
                                                                      6.006667263528377,
                                                                      49.26028809283966
                                                                  ],
                                                                  [
                                                                      6.000492336268631,
                                                                      49.27537547287367
                                                                  ],
                                                                  [
                                                                      6.006390696711231,
                                                                      49.3079648171488
                                                                  ],
                                                                  [
                                                                      5.985220799804532,
                                                                      49.30517081937582
                                                                  ],
                                                                  [
                                                                      5.94400804744167,
                                                                      49.334644506896005
                                                                  ],
                                                                  [
                                                                      5.962613221125637,
                                                                      49.344866959890794
                                                                  ],
                                                                  [
                                                                      5.956123967212049,
                                                                      49.36159497798842
                                                                  ],
                                                                  [
                                                                      5.9327717047585935,
                                                                      49.37015147282544
                                                                  ],
                                                                  [
                                                                      5.929562016978401,
                                                                      49.40189069409503
                                                                  ],
                                                                  [
                                                                      5.91204332139632,
                                                                      49.40747659912329
                                                                  ],
                                                                  [
                                                                      5.942282468750819,
                                                                      49.43034622332949
                                                                  ],
                                                                  [
                                                                      5.938573949545653,
                                                                      49.47481323186841
                                                                  ],
                                                                  [
                                                                      5.9028920872339725,
                                                                      49.48379495708393
                                                                  ],
                                                                  [
                                                                      5.893401083719673,
                                                                      49.496909750110916
                                                                  ]
                                                              ]
                                                          ]
                                      },
                         "properties":  {
                                            "code":  "57",
                                            "nom":  "Moselle"
                                        }
                     },
                     {
                         "type":  "Feature",
                         "geometry":  {
                                          "type":  "Polygon",
                                          "coordinates":  [
                                                              [
                                                                  [
                                                                      7.635285449703197,
                                                                      49.0541613551771
                                                                  ],
                                                                  [
                                                                      7.674493719844778,
                                                                      49.045038223564895
                                                                  ],
                                                                  [
                                                                      7.707321827434022,
                                                                      49.05405939239169
                                                                  ],
                                                                  [
                                                                      7.732229514556395,
                                                                      49.044360193628584
                                                                  ],
                                                                  [
                                                                      7.7694289796184846,
                                                                      49.04774245099701
                                                                  ],
                                                                  [
                                                                      7.794587260656014,
                                                                      49.065791918907415
                                                                  ],
                                                                  [
                                                                      7.868785609773862,
                                                                      49.03415707326486
                                                                  ],
                                                                  [
                                                                      7.8916198759125775,
                                                                      49.04759725259064
                                                                  ],
                                                                  [
                                                                      7.91670251003609,
                                                                      49.04096826102967
                                                                  ],
                                                                  [
                                                                      7.934626827531663,
                                                                      49.05780915030637
                                                                  ],
                                                                  [
                                                                      7.963045952864435,
                                                                      49.04293379198175
                                                                  ],
                                                                  [
                                                                      7.980055713019351,
                                                                      49.02611958784408
                                                                  ],
                                                                  [
                                                                      7.996711900374363,
                                                                      49.02835488426032
                                                                  ],
                                                                  [
                                                                      8.04922031277792,
                                                                      49.01418078522583
                                                                  ],
                                                                  [
                                                                      8.091376040143569,
                                                                      48.98925821691501
                                                                  ],
                                                                  [
                                                                      8.139803411862454,
                                                                      48.9784496512654
                                                                  ],
                                                                  [
                                                                      8.222736022927482,
                                                                      48.97597079725059
                                                                  ],
                                                                  [
                                                                      8.232836216038969,
                                                                      48.96697753356419
                                                                  ],
                                                                  [
                                                                      8.195800936945588,
                                                                      48.956207796670824
                                                                  ],
                                                                  [
                                                                      8.139135858085103,
                                                                      48.892894767368645
                                                                  ],
                                                                  [
                                                                      8.124578710186213,
                                                                      48.87069214791491
                                                                  ],
                                                                  [
                                                                      8.096320563319823,
                                                                      48.810383710147846
                                                                  ],
                                                                  [
                                                                      8.058939302273348,
                                                                      48.78881229521909
                                                                  ],
                                                                  [
                                                                      8.029130925797226,
                                                                      48.78647637177024
                                                                  ],
                                                                  [
                                                                      8.02282921871248,
                                                                      48.7683571613944
                                                                  ],
                                                                  [
                                                                      8.00494993955973,
                                                                      48.75878082453401
                                                                  ],
                                                                  [
                                                                      7.969723932850821,
                                                                      48.75544146180311
                                                                  ],
                                                                  [
                                                                      7.9631400450945655,
                                                                      48.7213530972908
                                                                  ],
                                                                  [
                                                                      7.890886576122132,
                                                                      48.663095896501474
                                                                  ],
                                                                  [
                                                                      7.83981724689541,
                                                                      48.6413739851056
                                                                  ],
                                                                  [
                                                                      7.828710432304629,
                                                                      48.61770955816417
                                                                  ],
                                                                  [
                                                                      7.804169862129346,
                                                                      48.59233465434716
                                                                  ],
                                                                  [
                                                                      7.800241352793423,
                                                                      48.57868703631089
                                                                  ],
                                                                  [
                                                                      7.807039561191584,
                                                                      48.5211033498163
                                                                  ],
                                                                  [
                                                                      7.794703889606317,
                                                                      48.50209025324464
                                                                  ],
                                                                  [
                                                                      7.768199002101854,
                                                                      48.489657602973395
                                                                  ],
                                                                  [
                                                                      7.764890504178269,
                                                                      48.456687573980204
                                                                  ],
                                                                  [
                                                                      7.7359757519993035,
                                                                      48.40415792790444
                                                                  ],
                                                                  [
                                                                      7.732004052005759,
                                                                      48.375403413096564
                                                                  ],
                                                                  [
                                                                      7.7450285445207925,
                                                                      48.33566571677894
                                                                  ],
                                                                  [
                                                                      7.733240771599047,
                                                                      48.31779594408542
                                                                  ],
                                                                  [
                                                                      7.703153723776976,
                                                                      48.30881155728774
                                                                  ],
                                                                  [
                                                                      7.667802806274936,
                                                                      48.223910814462734
                                                                  ],
                                                                  [
                                                                      7.645993836509834,
                                                                      48.20894372463805
                                                                  ],
                                                                  [
                                                                      7.628420489829124,
                                                                      48.18234169524649
                                                                  ],
                                                                  [
                                                                      7.601153626284707,
                                                                      48.15837840879526
                                                                  ],
                                                                  [
                                                                      7.597069643598031,
                                                                      48.13314665478638
                                                                  ],
                                                                  [
                                                                      7.577312855212316,
                                                                      48.12036852180279
                                                                  ],
                                                                  [
                                                                      7.519368638022094,
                                                                      48.12611186663136
                                                                  ],
                                                                  [
                                                                      7.5125346837248,
                                                                      48.15232225264574
                                                                  ],
                                                                  [
                                                                      7.477457496315403,
                                                                      48.15656192531237
                                                                  ],
                                                                  [
                                                                      7.4675859539752825,
                                                                      48.16899525405458
                                                                  ],
                                                                  [
                                                                      7.476943375699939,
                                                                      48.20353668428324
                                                                  ],
                                                                  [
                                                                      7.44466546317087,
                                                                      48.21741894982423
                                                                  ],
                                                                  [
                                                                      7.408909688142275,
                                                                      48.224103980885616
                                                                  ],
                                                                  [
                                                                      7.397985372184995,
                                                                      48.23250486975424
                                                                  ],
                                                                  [
                                                                      7.3502585424914155,
                                                                      48.24763679309355
                                                                  ],
                                                                  [
                                                                      7.324540354627305,
                                                                      48.245301227144324
                                                                  ],
                                                                  [
                                                                      7.312654881787611,
                                                                      48.26854265756791
                                                                  ],
                                                                  [
                                                                      7.275183721811301,
                                                                      48.30523478704946
                                                                  ],
                                                                  [
                                                                      7.241733352395135,
                                                                      48.302429901416254
                                                                  ],
                                                                  [
                                                                      7.198281537029947,
                                                                      48.31046786102034
                                                                  ],
                                                                  [
                                                                      7.184818696745765,
                                                                      48.33615437512855
                                                                  ],
                                                                  [
                                                                      7.120494270164923,
                                                                      48.33334864685793
                                                                  ],
                                                                  [
                                                                      7.0785233740914295,
                                                                      48.35107311533077
                                                                  ],
                                                                  [
                                                                      7.108026244714085,
                                                                      48.376989845150604
                                                                  ],
                                                                  [
                                                                      7.095873788299803,
                                                                      48.4270217723305
                                                                  ],
                                                                  [
                                                                      7.11688383670396,
                                                                      48.484885014570324
                                                                  ],
                                                                  [
                                                                      7.097693072924202,
                                                                      48.48762107861984
                                                                  ],
                                                                  [
                                                                      7.123165369028565,
                                                                      48.513592265556596
                                                                  ],
                                                                  [
                                                                      7.080630193411291,
                                                                      48.51267454477156
                                                                  ],
                                                                  [
                                                                      7.064487678486664,
                                                                      48.52339791207404
                                                                  ],
                                                                  [
                                                                      7.079359770973246,
                                                                      48.53641761270014
                                                                  ],
                                                                  [
                                                                      7.114376678081027,
                                                                      48.537389878992194
                                                                  ],
                                                                  [
                                                                      7.147094880277466,
                                                                      48.52694681230707
                                                                  ],
                                                                  [
                                                                      7.167909935894842,
                                                                      48.527596443549314
                                                                  ],
                                                                  [
                                                                      7.1924855682726525,
                                                                      48.54879290260453
                                                                  ],
                                                                  [
                                                                      7.2183172603088295,
                                                                      48.55264406598888
                                                                  ],
                                                                  [
                                                                      7.256281654444217,
                                                                      48.588675507652
                                                                  ],
                                                                  [
                                                                      7.256388448234081,
                                                                      48.60150853250187
                                                                  ],
                                                                  [
                                                                      7.278427796440234,
                                                                      48.625202388791344
                                                                  ],
                                                                  [
                                                                      7.270398382732597,
                                                                      48.63054438708614
                                                                  ],
                                                                  [
                                                                      7.30435493964854,
                                                                      48.6602012988693
                                                                  ],
                                                                  [
                                                                      7.2645955424124935,
                                                                      48.662703775725404
                                                                  ],
                                                                  [
                                                                      7.242261522633183,
                                                                      48.69210964676438
                                                                  ],
                                                                  [
                                                                      7.260168326105747,
                                                                      48.69429915361379
                                                                  ],
                                                                  [
                                                                      7.266625221422177,
                                                                      48.714209030699415
                                                                  ],
                                                                  [
                                                                      7.286884538061931,
                                                                      48.73134414106466
                                                                  ],
                                                                  [
                                                                      7.3064497001602975,
                                                                      48.7691099850618
                                                                  ],
                                                                  [
                                                                      7.291233271693293,
                                                                      48.79399531609868
                                                                  ],
                                                                  [
                                                                      7.262026914660001,
                                                                      48.797761488092036
                                                                  ],
                                                                  [
                                                                      7.228655644882326,
                                                                      48.828038818777635
                                                                  ],
                                                                  [
                                                                      7.196675525429877,
                                                                      48.828301758643974
                                                                  ],
                                                                  [
                                                                      7.195876686739622,
                                                                      48.840397988184655
                                                                  ],
                                                                  [
                                                                      7.149408408912651,
                                                                      48.84470403837187
                                                                  ],
                                                                  [
                                                                      7.146671555297553,
                                                                      48.82130284961471
                                                                  ],
                                                                  [
                                                                      7.1231658021967155,
                                                                      48.80450097964112
                                                                  ],
                                                                  [
                                                                      7.088166864000689,
                                                                      48.79249269644048
                                                                  ],
                                                                  [
                                                                      7.079303305840072,
                                                                      48.81404016744667
                                                                  ],
                                                                  [
                                                                      7.054514540544794,
                                                                      48.813704386223854
                                                                  ],
                                                                  [
                                                                      7.051334597348638,
                                                                      48.84628529036997
                                                                  ],
                                                                  [
                                                                      7.086623738193806,
                                                                      48.847740597072104
                                                                  ],
                                                                  [
                                                                      7.081165552464466,
                                                                      48.864100481733125
                                                                  ],
                                                                  [
                                                                      7.050249140492324,
                                                                      48.85934342449812
                                                                  ],
                                                                  [
                                                                      7.044405156028646,
                                                                      48.87353491651631
                                                                  ],
                                                                  [
                                                                      6.988916052470446,
                                                                      48.8911922591983
                                                                  ],
                                                                  [
                                                                      6.964601688658047,
                                                                      48.90452526765522
                                                                  ],
                                                                  [
                                                                      6.955547179403453,
                                                                      48.922319717315936
                                                                  ],
                                                                  [
                                                                      6.978894125394516,
                                                                      48.93334137925148
                                                                  ],
                                                                  [
                                                                      6.98921640979739,
                                                                      48.95992878867804
                                                                  ],
                                                                  [
                                                                      7.032219488521415,
                                                                      48.95604910228417
                                                                  ],
                                                                  [
                                                                      7.038359726746952,
                                                                      48.99687346466287
                                                                  ],
                                                                  [
                                                                      7.05300726402484,
                                                                      49.00729189414574
                                                                  ],
                                                                  [
                                                                      7.054911912536333,
                                                                      49.03061918771655
                                                                  ],
                                                                  [
                                                                      7.078659891943001,
                                                                      49.05036062768427
                                                                  ],
                                                                  [
                                                                      7.068107134587352,
                                                                      49.066879969038716
                                                                  ],
                                                                  [
                                                                      7.103885148469087,
                                                                      49.074161754697926
                                                                  ],
                                                                  [
                                                                      7.108081132396537,
                                                                      49.04341471828652
                                                                  ],
                                                                  [
                                                                      7.119477346819226,
                                                                      49.03721652969957
                                                                  ],
                                                                  [
                                                                      7.130505931552783,
                                                                      49.00459350678602
                                                                  ],
                                                                  [
                                                                      7.174240270723143,
                                                                      49.006365681338195
                                                                  ],
                                                                  [
                                                                      7.209311457091751,
                                                                      48.9800881370531
                                                                  ],
                                                                  [
                                                                      7.236031367305892,
                                                                      48.987818615118876
                                                                  ],
                                                                  [
                                                                      7.293949845247019,
                                                                      48.97157404948427
                                                                  ],
                                                                  [
                                                                      7.326851980608823,
                                                                      48.943372742020955
                                                                  ],
                                                                  [
                                                                      7.358876660684313,
                                                                      48.95760287154302
                                                                  ],
                                                                  [
                                                                      7.392311568753424,
                                                                      48.952706941018526
                                                                  ],
                                                                  [
                                                                      7.451630239981024,
                                                                      48.967962755037526
                                                                  ],
                                                                  [
                                                                      7.479572330825655,
                                                                      48.96139105276517
                                                                  ],
                                                                  [
                                                                      7.50187360937539,
                                                                      48.94425222519554
                                                                  ],
                                                                  [
                                                                      7.533247825039657,
                                                                      48.93350273583194
                                                                  ],
                                                                  [
                                                                      7.57839213753989,
                                                                      48.95740241810784
                                                                  ],
                                                                  [
                                                                      7.591218725544888,
                                                                      48.993724868247604
                                                                  ],
                                                                  [
                                                                      7.609553546221074,
                                                                      49.02123201245433
                                                                  ],
                                                                  [
                                                                      7.6400276339065405,
                                                                      49.049114242922506
                                                                  ],
                                                                  [
                                                                      7.635285449703197,
                                                                      49.0541613551771
                                                                  ]
                                                              ]
                                                          ]
                                      },
                         "properties":  {
                                            "code":  "67",
                                            "nom":  "Bas-Rhin"
                                        }
                     },
                     {
                         "type":  "Feature",
                         "geometry":  {
                                          "type":  "Polygon",
                                          "coordinates":  [
                                                              [
                                                                  [
                                                                      7.198281537029947,
                                                                      48.31046786102034
                                                                  ],
                                                                  [
                                                                      7.241733352395135,
                                                                      48.302429901416254
                                                                  ],
                                                                  [
                                                                      7.275183721811301,
                                                                      48.30523478704946
                                                                  ],
                                                                  [
                                                                      7.312654881787611,
                                                                      48.26854265756791
                                                                  ],
                                                                  [
                                                                      7.324540354627305,
                                                                      48.245301227144324
                                                                  ],
                                                                  [
                                                                      7.3502585424914155,
                                                                      48.24763679309355
                                                                  ],
                                                                  [
                                                                      7.397985372184995,
                                                                      48.23250486975424
                                                                  ],
                                                                  [
                                                                      7.408909688142275,
                                                                      48.224103980885616
                                                                  ],
                                                                  [
                                                                      7.44466546317087,
                                                                      48.21741894982423
                                                                  ],
                                                                  [
                                                                      7.476943375699939,
                                                                      48.20353668428324
                                                                  ],
                                                                  [
                                                                      7.4675859539752825,
                                                                      48.16899525405458
                                                                  ],
                                                                  [
                                                                      7.477457496315403,
                                                                      48.15656192531237
                                                                  ],
                                                                  [
                                                                      7.5125346837248,
                                                                      48.15232225264574
                                                                  ],
                                                                  [
                                                                      7.519368638022094,
                                                                      48.12611186663136
                                                                  ],
                                                                  [
                                                                      7.577312855212316,
                                                                      48.12036852180279
                                                                  ],
                                                                  [
                                                                      7.579959302676986,
                                                                      48.1060241628568
                                                                  ],
                                                                  [
                                                                      7.569229918944941,
                                                                      48.08140103227969
                                                                  ],
                                                                  [
                                                                      7.571623278915894,
                                                                      48.03037963253785
                                                                  ],
                                                                  [
                                                                      7.605442849614272,
                                                                      48.00375666733687
                                                                  ],
                                                                  [
                                                                      7.622090012011825,
                                                                      47.972273158282675
                                                                  ],
                                                                  [
                                                                      7.583289971638735,
                                                                      47.93111867339603
                                                                  ],
                                                                  [
                                                                      7.583517659704031,
                                                                      47.90164054665845
                                                                  ],
                                                                  [
                                                                      7.556704620769357,
                                                                      47.87994110574265
                                                                  ],
                                                                  [
                                                                      7.563546061062802,
                                                                      47.85213451656705
                                                                  ],
                                                                  [
                                                                      7.531259755609871,
                                                                      47.786758092739966
                                                                  ],
                                                                  [
                                                                      7.5322376356790635,
                                                                      47.768103948729824
                                                                  ],
                                                                  [
                                                                      7.548078387714247,
                                                                      47.73958664484275
                                                                  ],
                                                                  [
                                                                      7.543471717716171,
                                                                      47.7219511962019
                                                                  ],
                                                                  [
                                                                      7.513752001020271,
                                                                      47.70281805790175
                                                                  ],
                                                                  [
                                                                      7.522345790100707,
                                                                      47.662321489849276
                                                                  ],
                                                                  [
                                                                      7.566467478798788,
                                                                      47.63289794133456
                                                                  ],
                                                                  [
                                                                      7.592166196122287,
                                                                      47.595364230897054
                                                                  ],
                                                                  [
                                                                      7.5847059048213925,
                                                                      47.57726432341283
                                                                  ],
                                                                  [
                                                                      7.506109699820528,
                                                                      47.5443371916087
                                                                  ],
                                                                  [
                                                                      7.5252484411100795,
                                                                      47.5198644991559
                                                                  ],
                                                                  [
                                                                      7.507326934833388,
                                                                      47.5152130072166
                                                                  ],
                                                                  [
                                                                      7.506753671499357,
                                                                      47.49563386052678
                                                                  ],
                                                                  [
                                                                      7.486855374527259,
                                                                      47.48173332111362
                                                                  ],
                                                                  [
                                                                      7.434560148747173,
                                                                      47.497929056791456
                                                                  ],
                                                                  [
                                                                      7.422690550181342,
                                                                      47.484388198189606
                                                                  ],
                                                                  [
                                                                      7.4501432999503265,
                                                                      47.47529024914208
                                                                  ],
                                                                  [
                                                                      7.420293972815237,
                                                                      47.44542252005264
                                                                  ],
                                                                  [
                                                                      7.380947797110134,
                                                                      47.431864331193985
                                                                  ],
                                                                  [
                                                                      7.337556330611329,
                                                                      47.44091115313276
                                                                  ],
                                                                  [
                                                                      7.281541911285926,
                                                                      47.43421552862775
                                                                  ],
                                                                  [
                                                                      7.2462970616937685,
                                                                      47.4222020998741
                                                                  ],
                                                                  [
                                                                      7.232812984772371,
                                                                      47.43881243982562
                                                                  ],
                                                                  [
                                                                      7.206682632158959,
                                                                      47.43482071398383
                                                                  ],
                                                                  [
                                                                      7.170823146393291,
                                                                      47.444351795572196
                                                                  ],
                                                                  [
                                                                      7.18658232857427,
                                                                      47.491228297146144
                                                                  ],
                                                                  [
                                                                      7.158949175727589,
                                                                      47.49075866687029
                                                                  ],
                                                                  [
                                                                      7.130345969302944,
                                                                      47.50302658239207
                                                                  ],
                                                                  [
                                                                      7.135819374783416,
                                                                      47.53646303183533
                                                                  ],
                                                                  [
                                                                      7.106219108143236,
                                                                      47.55138203283421
                                                                  ],
                                                                  [
                                                                      7.086270201422721,
                                                                      47.592562199657216
                                                                  ],
                                                                  [
                                                                      7.064719544691056,
                                                                      47.60105755104757
                                                                  ],
                                                                  [
                                                                      7.025415883306456,
                                                                      47.59267760605909
                                                                  ],
                                                                  [
                                                                      7.004983231421509,
                                                                      47.61938273174142
                                                                  ],
                                                                  [
                                                                      7.018871382727326,
                                                                      47.65067487496959
                                                                  ],
                                                                  [
                                                                      7.046314752908177,
                                                                      47.67150171047833
                                                                  ],
                                                                  [
                                                                      7.026487154962489,
                                                                      47.70099973832609
                                                                  ],
                                                                  [
                                                                      7.0374240128839105,
                                                                      47.72163936009252
                                                                  ],
                                                                  [
                                                                      7.011758808530528,
                                                                      47.741727719619604
                                                                  ],
                                                                  [
                                                                      6.971172049261423,
                                                                      47.75268332188395
                                                                  ],
                                                                  [
                                                                      6.940432511420332,
                                                                      47.77156566113129
                                                                  ],
                                                                  [
                                                                      6.924003092082664,
                                                                      47.77046856849051
                                                                  ],
                                                                  [
                                                                      6.862439977221479,
                                                                      47.786366479297826
                                                                  ],
                                                                  [
                                                                      6.848453009671943,
                                                                      47.80186631777955
                                                                  ],
                                                                  [
                                                                      6.846179818400714,
                                                                      47.822945196999186
                                                                  ],
                                                                  [
                                                                      6.897600863366078,
                                                                      47.8375646687869
                                                                  ],
                                                                  [
                                                                      6.920047718110646,
                                                                      47.85028746971086
                                                                  ],
                                                                  [
                                                                      6.900213335139267,
                                                                      47.891191372710956
                                                                  ],
                                                                  [
                                                                      6.927825935367718,
                                                                      47.90821058120768
                                                                  ],
                                                                  [
                                                                      6.920755573390488,
                                                                      47.942921686407516
                                                                  ],
                                                                  [
                                                                      6.943356419805964,
                                                                      47.99795794686154
                                                                  ],
                                                                  [
                                                                      6.961410552710714,
                                                                      48.000261282588426
                                                                  ],
                                                                  [
                                                                      7.001883743858899,
                                                                      48.0223990958155
                                                                  ],
                                                                  [
                                                                      7.029803015827174,
                                                                      48.07190490436478
                                                                  ],
                                                                  [
                                                                      7.047595780380201,
                                                                      48.08006166786818
                                                                  ],
                                                                  [
                                                                      7.084162370831343,
                                                                      48.12921286268667
                                                                  ],
                                                                  [
                                                                      7.058017510455936,
                                                                      48.13770265802238
                                                                  ],
                                                                  [
                                                                      7.085332018879333,
                                                                      48.18087313160711
                                                                  ],
                                                                  [
                                                                      7.117505784718491,
                                                                      48.207992451661525
                                                                  ],
                                                                  [
                                                                      7.147824517541642,
                                                                      48.263892801246804
                                                                  ],
                                                                  [
                                                                      7.159489565642163,
                                                                      48.268753563588
                                                                  ],
                                                                  [
                                                                      7.172440378133587,
                                                                      48.29748024360684
                                                                  ],
                                                                  [
                                                                      7.198281537029947,
                                                                      48.31046786102034
                                                                  ]
                                                              ]
                                                          ]
                                      },
                         "properties":  {
                                            "code":  "68",
                                            "nom":  "Haut-Rhin"
                                        }
                     },
                     {
                         "type":  "Feature",
                         "geometry":  {
                                          "type":  "Polygon",
                                          "coordinates":  [
                                                              [
                                                                  [
                                                                      5.884726375202079,
                                                                      47.926047148569474
                                                                  ],
                                                                  [
                                                                      5.900112413513003,
                                                                      47.94475092005572
                                                                  ],
                                                                  [
                                                                      5.918042584312377,
                                                                      47.94735978283618
                                                                  ],
                                                                  [
                                                                      5.918281347414071,
                                                                      47.9655809864854
                                                                  ],
                                                                  [
                                                                      5.9367444429976315,
                                                                      47.978872441043904
                                                                  ],
                                                                  [
                                                                      5.95951518224341,
                                                                      47.96583761413322
                                                                  ],
                                                                  [
                                                                      5.937717530374109,
                                                                      47.95093996886656
                                                                  ],
                                                                  [
                                                                      5.9537128429228625,
                                                                      47.93703033418094
                                                                  ],
                                                                  [
                                                                      5.9707779241858585,
                                                                      47.95720515925631
                                                                  ],
                                                                  [
                                                                      5.994585023938386,
                                                                      47.957843619961515
                                                                  ],
                                                                  [
                                                                      6.023512782425089,
                                                                      47.97819459549159
                                                                  ],
                                                                  [
                                                                      6.0411805356860935,
                                                                      48.004423104387435
                                                                  ],
                                                                  [
                                                                      6.131397185816461,
                                                                      48.024084417358715
                                                                  ],
                                                                  [
                                                                      6.156025724419171,
                                                                      48.00640454629518
                                                                  ],
                                                                  [
                                                                      6.1523863211856415,
                                                                      47.99509120117254
                                                                  ],
                                                                  [
                                                                      6.167984818891344,
                                                                      47.95235039236555
                                                                  ],
                                                                  [
                                                                      6.193308012990422,
                                                                      47.953186926635745
                                                                  ],
                                                                  [
                                                                      6.208333130052072,
                                                                      47.93959154159432
                                                                  ],
                                                                  [
                                                                      6.237987058178878,
                                                                      47.93284210198345
                                                                  ],
                                                                  [
                                                                      6.27733365541217,
                                                                      47.95380917897212
                                                                  ],
                                                                  [
                                                                      6.324502244506514,
                                                                      47.94927719089294
                                                                  ],
                                                                  [
                                                                      6.366159798724643,
                                                                      47.96194440724777
                                                                  ],
                                                                  [
                                                                      6.43172063760481,
                                                                      47.94381556163065
                                                                  ],
                                                                  [
                                                                      6.455958900669549,
                                                                      47.90676595953145
                                                                  ],
                                                                  [
                                                                      6.476305388045899,
                                                                      47.89135525473161
                                                                  ],
                                                                  [
                                                                      6.5421528235861155,
                                                                      47.90261056529581
                                                                  ],
                                                                  [
                                                                      6.563418085973325,
                                                                      47.931389307581
                                                                  ],
                                                                  [
                                                                      6.6073149335019385,
                                                                      47.943147742357816
                                                                  ],
                                                                  [
                                                                      6.641076475620301,
                                                                      47.91580834582307
                                                                  ],
                                                                  [
                                                                      6.643740194905068,
                                                                      47.90503177099352
                                                                  ],
                                                                  [
                                                                      6.703673452230481,
                                                                      47.88141530820336
                                                                  ],
                                                                  [
                                                                      6.737768277119198,
                                                                      47.8615661276394
                                                                  ],
                                                                  [
                                                                      6.784821909572192,
                                                                      47.84962275516846
                                                                  ],
                                                                  [
                                                                      6.792206691054161,
                                                                      47.830065844691816
                                                                  ],
                                                                  [
                                                                      6.823538854548165,
                                                                      47.81305372458858
                                                                  ],
                                                                  [
                                                                      6.811469860026116,
                                                                      47.796038470605524
                                                                  ],
                                                                  [
                                                                      6.785629179422312,
                                                                      47.78207231453601
                                                                  ],
                                                                  [
                                                                      6.757638483670512,
                                                                      47.747877966474704
                                                                  ],
                                                                  [
                                                                      6.756625698295901,
                                                                      47.72444662113829
                                                                  ],
                                                                  [
                                                                      6.772570902276831,
                                                                      47.71163343375122
                                                                  ],
                                                                  [
                                                                      6.781911060840567,
                                                                      47.687677725049234
                                                                  ],
                                                                  [
                                                                      6.776099673752326,
                                                                      47.668572918052455
                                                                  ],
                                                                  [
                                                                      6.80103447418288,
                                                                      47.636044219886536
                                                                  ],
                                                                  [
                                                                      6.780404771904786,
                                                                      47.62526070544475
                                                                  ],
                                                                  [
                                                                      6.804959146951254,
                                                                      47.582108256125515
                                                                  ],
                                                                  [
                                                                      6.80700533167707,
                                                                      47.562801384972
                                                                  ],
                                                                  [
                                                                      6.797499350037713,
                                                                      47.5495126825397
                                                                  ],
                                                                  [
                                                                      6.767404952407747,
                                                                      47.538017268556935
                                                                  ],
                                                                  [
                                                                      6.738845896180387,
                                                                      47.55702322452207
                                                                  ],
                                                                  [
                                                                      6.715410264318535,
                                                                      47.55291548061491
                                                                  ],
                                                                  [
                                                                      6.670176179849052,
                                                                      47.55789898345777
                                                                  ],
                                                                  [
                                                                      6.646719240296149,
                                                                      47.53526063805599
                                                                  ],
                                                                  [
                                                                      6.6108754443878,
                                                                      47.530375696762064
                                                                  ],
                                                                  [
                                                                      6.581373134078281,
                                                                      47.5439823802077
                                                                  ],
                                                                  [
                                                                      6.568287888950471,
                                                                      47.53296730090853
                                                                  ],
                                                                  [
                                                                      6.583644236898135,
                                                                      47.50998705821796
                                                                  ],
                                                                  [
                                                                      6.573512260277363,
                                                                      47.495493621813196
                                                                  ],
                                                                  [
                                                                      6.55356252302069,
                                                                      47.49279726215029
                                                                  ],
                                                                  [
                                                                      6.534536369742796,
                                                                      47.50605436714645
                                                                  ],
                                                                  [
                                                                      6.5183760537344355,
                                                                      47.49650598459375
                                                                  ],
                                                                  [
                                                                      6.495895471628419,
                                                                      47.50568894568784
                                                                  ],
                                                                  [
                                                                      6.475912751751343,
                                                                      47.49653791477729
                                                                  ],
                                                                  [
                                                                      6.463493609157821,
                                                                      47.51211727914121
                                                                  ],
                                                                  [
                                                                      6.4176533951113335,
                                                                      47.52107576002842
                                                                  ],
                                                                  [
                                                                      6.3343537374171,
                                                                      47.50596607053227
                                                                  ],
                                                                  [
                                                                      6.280184223466656,
                                                                      47.44396949481327
                                                                  ],
                                                                  [
                                                                      6.2635413933118995,
                                                                      47.446113357872484
                                                                  ],
                                                                  [
                                                                      6.256322884311814,
                                                                      47.42460267369418
                                                                  ],
                                                                  [
                                                                      6.227146778558152,
                                                                      47.421361759224745
                                                                  ],
                                                                  [
                                                                      6.20045182507361,
                                                                      47.4291448308537
                                                                  ],
                                                                  [
                                                                      6.159315835079816,
                                                                      47.38763809750605
                                                                  ],
                                                                  [
                                                                      6.118643218077476,
                                                                      47.39516918586829
                                                                  ],
                                                                  [
                                                                      6.080045800270596,
                                                                      47.35403647497674
                                                                  ],
                                                                  [
                                                                      6.038905360008941,
                                                                      47.345543807863976
                                                                  ],
                                                                  [
                                                                      6.031152213443059,
                                                                      47.337818639776025
                                                                  ],
                                                                  [
                                                                      5.979565477765114,
                                                                      47.32599225383308
                                                                  ],
                                                                  [
                                                                      5.965726777821383,
                                                                      47.33714799401978
                                                                  ],
                                                                  [
                                                                      5.926973317778065,
                                                                      47.344842696907314
                                                                  ],
                                                                  [
                                                                      5.908850384555448,
                                                                      47.33130809335063
                                                                  ],
                                                                  [
                                                                      5.860063369485741,
                                                                      47.31441371512956
                                                                  ],
                                                                  [
                                                                      5.84401524176912,
                                                                      47.30002560772319
                                                                  ],
                                                                  [
                                                                      5.783911882300601,
                                                                      47.29062859459643
                                                                  ],
                                                                  [
                                                                      5.772794289154126,
                                                                      47.27839174115347
                                                                  ],
                                                                  [
                                                                      5.732304584331136,
                                                                      47.2635708244963
                                                                  ],
                                                                  [
                                                                      5.698725742766405,
                                                                      47.264996774959506
                                                                  ],
                                                                  [
                                                                      5.67598472782394,
                                                                      47.27574753150103
                                                                  ],
                                                                  [
                                                                      5.641087079328796,
                                                                      47.255902139031384
                                                                  ],
                                                                  [
                                                                      5.602110210787404,
                                                                      47.26053058449396
                                                                  ],
                                                                  [
                                                                      5.574464664810694,
                                                                      47.25405893079992
                                                                  ],
                                                                  [
                                                                      5.572097032797981,
                                                                      47.2684421265039
                                                                  ],
                                                                  [
                                                                      5.531653812708307,
                                                                      47.28437396080552
                                                                  ],
                                                                  [
                                                                      5.518538729512594,
                                                                      47.30418661945213
                                                                  ],
                                                                  [
                                                                      5.4722397259852755,
                                                                      47.31697205065742
                                                                  ],
                                                                  [
                                                                      5.4927946655161906,
                                                                      47.33207816699496
                                                                  ],
                                                                  [
                                                                      5.487995511763959,
                                                                      47.36201125941915
                                                                  ],
                                                                  [
                                                                      5.496952532848246,
                                                                      47.390117858136
                                                                  ],
                                                                  [
                                                                      5.477377417366495,
                                                                      47.39529212690571
                                                                  ],
                                                                  [
                                                                      5.451397515008267,
                                                                      47.38406251344994
                                                                  ],
                                                                  [
                                                                      5.432338107070534,
                                                                      47.438347264883
                                                                  ],
                                                                  [
                                                                      5.406499562267299,
                                                                      47.4618228232386
                                                                  ],
                                                                  [
                                                                      5.376587470082713,
                                                                      47.46467984209965
                                                                  ],
                                                                  [
                                                                      5.399215772340755,
                                                                      47.49901418953457
                                                                  ],
                                                                  [
                                                                      5.447063511552309,
                                                                      47.496253655345264
                                                                  ],
                                                                  [
                                                                      5.471680911081918,
                                                                      47.527461847421854
                                                                  ],
                                                                  [
                                                                      5.486403857432212,
                                                                      47.526968551040035
                                                                  ],
                                                                  [
                                                                      5.497062180458679,
                                                                      47.55418172115122
                                                                  ],
                                                                  [
                                                                      5.477547427463133,
                                                                      47.60872207289565
                                                                  ],
                                                                  [
                                                                      5.425594945399527,
                                                                      47.63207432012174
                                                                  ],
                                                                  [
                                                                      5.39980448309253,
                                                                      47.597153502136244
                                                                  ],
                                                                  [
                                                                      5.374078595885573,
                                                                      47.60454165278582
                                                                  ],
                                                                  [
                                                                      5.37317594209649,
                                                                      47.61838294374159
                                                                  ],
                                                                  [
                                                                      5.405745536478159,
                                                                      47.646866141018315
                                                                  ],
                                                                  [
                                                                      5.406342872021028,
                                                                      47.673400744473895
                                                                  ],
                                                                  [
                                                                      5.4460337898832885,
                                                                      47.67077575883233
                                                                  ],
                                                                  [
                                                                      5.482567919490752,
                                                                      47.684602874896335
                                                                  ],
                                                                  [
                                                                      5.529778304397354,
                                                                      47.67282923798152
                                                                  ],
                                                                  [
                                                                      5.567204936430051,
                                                                      47.70523436852804
                                                                  ],
                                                                  [
                                                                      5.585005103022503,
                                                                      47.69979015765272
                                                                  ],
                                                                  [
                                                                      5.596682241448045,
                                                                      47.67168603172257
                                                                  ],
                                                                  [
                                                                      5.6534056633858105,
                                                                      47.67738242296545
                                                                  ],
                                                                  [
                                                                      5.690079801415203,
                                                                      47.684838574927916
                                                                  ],
                                                                  [
                                                                      5.684123936651815,
                                                                      47.711966155758596
                                                                  ],
                                                                  [
                                                                      5.693342993991239,
                                                                      47.737537821735295
                                                                  ],
                                                                  [
                                                                      5.709442412269412,
                                                                      47.745127245662815
                                                                  ],
                                                                  [
                                                                      5.705093217659827,
                                                                      47.76911094285444
                                                                  ],
                                                                  [
                                                                      5.679969716046147,
                                                                      47.769967881716525
                                                                  ],
                                                                  [
                                                                      5.681940162654595,
                                                                      47.806412809419605
                                                                  ],
                                                                  [
                                                                      5.699885101970957,
                                                                      47.82390335263593
                                                                  ],
                                                                  [
                                                                      5.732629873750381,
                                                                      47.81759710089163
                                                                  ],
                                                                  [
                                                                      5.746056257349712,
                                                                      47.82359612703334
                                                                  ],
                                                                  [
                                                                      5.744128331452809,
                                                                      47.84867639845901
                                                                  ],
                                                                  [
                                                                      5.76119123886598,
                                                                      47.85933449216956
                                                                  ],
                                                                  [
                                                                      5.805624457872526,
                                                                      47.847311152266364
                                                                  ],
                                                                  [
                                                                      5.851317308296247,
                                                                      47.905988473584586
                                                                  ],
                                                                  [
                                                                      5.869970150074121,
                                                                      47.900706913078324
                                                                  ],
                                                                  [
                                                                      5.890864473987194,
                                                                      47.910829841401245
                                                                  ],
                                                                  [
                                                                      5.884726375202079,
                                                                      47.926047148569474
                                                                  ]
                                                              ]
                                                          ]
                                      },
                         "properties":  {
                                            "code":  "70",
                                            "nom":  "Haute-Saône"
                                        }
                     },
                     {
                         "type":  "Feature",
                         "geometry":  {
                                          "type":  "Polygon",
                                          "coordinates":  [
                                                              [
                                                                  [
                                                                      5.470061704426128,
                                                                      48.42092884036511
                                                                  ],
                                                                  [
                                                                      5.510986594146936,
                                                                      48.41821515231162
                                                                  ],
                                                                  [
                                                                      5.520280149216775,
                                                                      48.43239263092878
                                                                  ],
                                                                  [
                                                                      5.564650216197492,
                                                                      48.441090759508775
                                                                  ],
                                                                  [
                                                                      5.6151325162349,
                                                                      48.44043873717153
                                                                  ],
                                                                  [
                                                                      5.67902361096049,
                                                                      48.47139115386205
                                                                  ],
                                                                  [
                                                                      5.713228409793979,
                                                                      48.46034355947541
                                                                  ],
                                                                  [
                                                                      5.7385787703210624,
                                                                      48.466071385805314
                                                                  ],
                                                                  [
                                                                      5.765154701602298,
                                                                      48.49649260851312
                                                                  ],
                                                                  [
                                                                      5.787024028409427,
                                                                      48.48291106954139
                                                                  ],
                                                                  [
                                                                      5.8141526013422045,
                                                                      48.49819514538156
                                                                  ],
                                                                  [
                                                                      5.856069666360071,
                                                                      48.506844385585524
                                                                  ],
                                                                  [
                                                                      5.8881463197842825,
                                                                      48.49400616317709
                                                                  ],
                                                                  [
                                                                      5.903569430927025,
                                                                      48.48024393097157
                                                                  ],
                                                                  [
                                                                      5.886926216153374,
                                                                      48.45386839126565
                                                                  ],
                                                                  [
                                                                      5.8989549292934935,
                                                                      48.44671533650002
                                                                  ],
                                                                  [
                                                                      5.859177083813666,
                                                                      48.41623563816792
                                                                  ],
                                                                  [
                                                                      5.879136424841787,
                                                                      48.403869307586056
                                                                  ],
                                                                  [
                                                                      5.935989530326643,
                                                                      48.40287986588223
                                                                  ],
                                                                  [
                                                                      5.954936403333502,
                                                                      48.387329103706854
                                                                  ],
                                                                  [
                                                                      5.944654250679005,
                                                                      48.37581815056828
                                                                  ],
                                                                  [
                                                                      5.960066474604184,
                                                                      48.35072931908477
                                                                  ],
                                                                  [
                                                                      6.004066285882898,
                                                                      48.36147870334314
                                                                  ],
                                                                  [
                                                                      6.025234465713196,
                                                                      48.356969332010294
                                                                  ],
                                                                  [
                                                                      6.053418454701744,
                                                                      48.365636733016395
                                                                  ],
                                                                  [
                                                                      6.066019115933426,
                                                                      48.359278767448906
                                                                  ],
                                                                  [
                                                                      6.097642409054446,
                                                                      48.37159231795909
                                                                  ],
                                                                  [
                                                                      6.116723785728533,
                                                                      48.35403844099854
                                                                  ],
                                                                  [
                                                                      6.152354370824704,
                                                                      48.38097163461962
                                                                  ],
                                                                  [
                                                                      6.147083853210351,
                                                                      48.404242546398436
                                                                  ],
                                                                  [
                                                                      6.178419125638964,
                                                                      48.397598877997915
                                                                  ],
                                                                  [
                                                                      6.23209682220264,
                                                                      48.400225955022414
                                                                  ],
                                                                  [
                                                                      6.260443354875095,
                                                                      48.40640078999615
                                                                  ],
                                                                  [
                                                                      6.270297573655838,
                                                                      48.42610067601965
                                                                  ],
                                                                  [
                                                                      6.3012588451180624,
                                                                      48.43051921403982
                                                                  ],
                                                                  [
                                                                      6.305674808715067,
                                                                      48.41318887901744
                                                                  ],
                                                                  [
                                                                      6.3313164158672315,
                                                                      48.404817172837355
                                                                  ],
                                                                  [
                                                                      6.422399441358526,
                                                                      48.40728279397748
                                                                  ],
                                                                  [
                                                                      6.450365847505534,
                                                                      48.41505383549833
                                                                  ],
                                                                  [
                                                                      6.500755073004984,
                                                                      48.41423379500427
                                                                  ],
                                                                  [
                                                                      6.5337102147419674,
                                                                      48.4313569295525
                                                                  ],
                                                                  [
                                                                      6.583870758203037,
                                                                      48.417225395440674
                                                                  ],
                                                                  [
                                                                      6.568134528831446,
                                                                      48.438701194783874
                                                                  ],
                                                                  [
                                                                      6.584971476704244,
                                                                      48.46050916362013
                                                                  ],
                                                                  [
                                                                      6.62369925487009,
                                                                      48.473102199556955
                                                                  ],
                                                                  [
                                                                      6.648289899981963,
                                                                      48.433884724429255
                                                                  ],
                                                                  [
                                                                      6.6994983396482075,
                                                                      48.41308754075586
                                                                  ],
                                                                  [
                                                                      6.760669183398023,
                                                                      48.411666746640414
                                                                  ],
                                                                  [
                                                                      6.768836777292687,
                                                                      48.39954530354836
                                                                  ],
                                                                  [
                                                                      6.815166528707746,
                                                                      48.398846200565345
                                                                  ],
                                                                  [
                                                                      6.828255495843522,
                                                                      48.41660943907006
                                                                  ],
                                                                  [
                                                                      6.866316381673087,
                                                                      48.43184823377053
                                                                  ],
                                                                  [
                                                                      6.894133940205172,
                                                                      48.419480410764045
                                                                  ],
                                                                  [
                                                                      6.9829860045628855,
                                                                      48.47905957978556
                                                                  ],
                                                                  [
                                                                      7.050540315367024,
                                                                      48.49487862493578
                                                                  ],
                                                                  [
                                                                      7.094019735640854,
                                                                      48.512952288683174
                                                                  ],
                                                                  [
                                                                      7.123165369028565,
                                                                      48.513592265556596
                                                                  ],
                                                                  [
                                                                      7.097693072924202,
                                                                      48.48762107861984
                                                                  ],
                                                                  [
                                                                      7.11688383670396,
                                                                      48.484885014570324
                                                                  ],
                                                                  [
                                                                      7.095873788299803,
                                                                      48.4270217723305
                                                                  ],
                                                                  [
                                                                      7.108026244714085,
                                                                      48.376989845150604
                                                                  ],
                                                                  [
                                                                      7.0785233740914295,
                                                                      48.35107311533077
                                                                  ],
                                                                  [
                                                                      7.120494270164923,
                                                                      48.33334864685793
                                                                  ],
                                                                  [
                                                                      7.184818696745765,
                                                                      48.33615437512855
                                                                  ],
                                                                  [
                                                                      7.198281537029947,
                                                                      48.31046786102034
                                                                  ],
                                                                  [
                                                                      7.172440378133587,
                                                                      48.29748024360684
                                                                  ],
                                                                  [
                                                                      7.159489565642163,
                                                                      48.268753563588
                                                                  ],
                                                                  [
                                                                      7.147824517541642,
                                                                      48.263892801246804
                                                                  ],
                                                                  [
                                                                      7.117505784718491,
                                                                      48.207992451661525
                                                                  ],
                                                                  [
                                                                      7.085332018879333,
                                                                      48.18087313160711
                                                                  ],
                                                                  [
                                                                      7.058017510455936,
                                                                      48.13770265802238
                                                                  ],
                                                                  [
                                                                      7.084162370831343,
                                                                      48.12921286268667
                                                                  ],
                                                                  [
                                                                      7.047595780380201,
                                                                      48.08006166786818
                                                                  ],
                                                                  [
                                                                      7.029803015827174,
                                                                      48.07190490436478
                                                                  ],
                                                                  [
                                                                      7.001883743858899,
                                                                      48.0223990958155
                                                                  ],
                                                                  [
                                                                      6.961410552710714,
                                                                      48.000261282588426
                                                                  ],
                                                                  [
                                                                      6.943356419805964,
                                                                      47.99795794686154
                                                                  ],
                                                                  [
                                                                      6.920755573390488,
                                                                      47.942921686407516
                                                                  ],
                                                                  [
                                                                      6.927825935367718,
                                                                      47.90821058120768
                                                                  ],
                                                                  [
                                                                      6.900213335139267,
                                                                      47.891191372710956
                                                                  ],
                                                                  [
                                                                      6.920047718110646,
                                                                      47.85028746971086
                                                                  ],
                                                                  [
                                                                      6.897600863366078,
                                                                      47.8375646687869
                                                                  ],
                                                                  [
                                                                      6.846179818400714,
                                                                      47.822945196999186
                                                                  ],
                                                                  [
                                                                      6.823538854548165,
                                                                      47.81305372458858
                                                                  ],
                                                                  [
                                                                      6.792206691054161,
                                                                      47.830065844691816
                                                                  ],
                                                                  [
                                                                      6.784821909572192,
                                                                      47.84962275516846
                                                                  ],
                                                                  [
                                                                      6.737768277119198,
                                                                      47.8615661276394
                                                                  ],
                                                                  [
                                                                      6.703673452230481,
                                                                      47.88141530820336
                                                                  ],
                                                                  [
                                                                      6.643740194905068,
                                                                      47.90503177099352
                                                                  ],
                                                                  [
                                                                      6.641076475620301,
                                                                      47.91580834582307
                                                                  ],
                                                                  [
                                                                      6.6073149335019385,
                                                                      47.943147742357816
                                                                  ],
                                                                  [
                                                                      6.563418085973325,
                                                                      47.931389307581
                                                                  ],
                                                                  [
                                                                      6.5421528235861155,
                                                                      47.90261056529581
                                                                  ],
                                                                  [
                                                                      6.476305388045899,
                                                                      47.89135525473161
                                                                  ],
                                                                  [
                                                                      6.455958900669549,
                                                                      47.90676595953145
                                                                  ],
                                                                  [
                                                                      6.43172063760481,
                                                                      47.94381556163065
                                                                  ],
                                                                  [
                                                                      6.366159798724643,
                                                                      47.96194440724777
                                                                  ],
                                                                  [
                                                                      6.324502244506514,
                                                                      47.94927719089294
                                                                  ],
                                                                  [
                                                                      6.27733365541217,
                                                                      47.95380917897212
                                                                  ],
                                                                  [
                                                                      6.237987058178878,
                                                                      47.93284210198345
                                                                  ],
                                                                  [
                                                                      6.208333130052072,
                                                                      47.93959154159432
                                                                  ],
                                                                  [
                                                                      6.193308012990422,
                                                                      47.953186926635745
                                                                  ],
                                                                  [
                                                                      6.167984818891344,
                                                                      47.95235039236555
                                                                  ],
                                                                  [
                                                                      6.1523863211856415,
                                                                      47.99509120117254
                                                                  ],
                                                                  [
                                                                      6.156025724419171,
                                                                      48.00640454629518
                                                                  ],
                                                                  [
                                                                      6.131397185816461,
                                                                      48.024084417358715
                                                                  ],
                                                                  [
                                                                      6.0411805356860935,
                                                                      48.004423104387435
                                                                  ],
                                                                  [
                                                                      6.023512782425089,
                                                                      47.97819459549159
                                                                  ],
                                                                  [
                                                                      5.994585023938386,
                                                                      47.957843619961515
                                                                  ],
                                                                  [
                                                                      5.9707779241858585,
                                                                      47.95720515925631
                                                                  ],
                                                                  [
                                                                      5.9537128429228625,
                                                                      47.93703033418094
                                                                  ],
                                                                  [
                                                                      5.937717530374109,
                                                                      47.95093996886656
                                                                  ],
                                                                  [
                                                                      5.95951518224341,
                                                                      47.96583761413322
                                                                  ],
                                                                  [
                                                                      5.9367444429976315,
                                                                      47.978872441043904
                                                                  ],
                                                                  [
                                                                      5.918281347414071,
                                                                      47.9655809864854
                                                                  ],
                                                                  [
                                                                      5.918042584312377,
                                                                      47.94735978283618
                                                                  ],
                                                                  [
                                                                      5.900112413513003,
                                                                      47.94475092005572
                                                                  ],
                                                                  [
                                                                      5.884726375202079,
                                                                      47.926047148569474
                                                                  ],
                                                                  [
                                                                      5.850003923490582,
                                                                      47.96283504722941
                                                                  ],
                                                                  [
                                                                      5.787280985479235,
                                                                      47.952596973102644
                                                                  ],
                                                                  [
                                                                      5.778492027788896,
                                                                      47.97800978811231
                                                                  ],
                                                                  [
                                                                      5.793591975095584,
                                                                      47.99070892021546
                                                                  ],
                                                                  [
                                                                      5.77774789858366,
                                                                      48.031361923263205
                                                                  ],
                                                                  [
                                                                      5.740575630698962,
                                                                      48.050043986724326
                                                                  ],
                                                                  [
                                                                      5.65966986503565,
                                                                      48.08486263156757
                                                                  ],
                                                                  [
                                                                      5.629010103166862,
                                                                      48.0844163929701
                                                                  ],
                                                                  [
                                                                      5.656886341889701,
                                                                      48.120399648852754
                                                                  ],
                                                                  [
                                                                      5.68431870758825,
                                                                      48.14504209497101
                                                                  ],
                                                                  [
                                                                      5.6822435704493275,
                                                                      48.17570971343473
                                                                  ],
                                                                  [
                                                                      5.696740894208173,
                                                                      48.18888423309182
                                                                  ],
                                                                  [
                                                                      5.730982683815125,
                                                                      48.18969958329602
                                                                  ],
                                                                  [
                                                                      5.719343419026872,
                                                                      48.21284553404126
                                                                  ],
                                                                  [
                                                                      5.6877917029501965,
                                                                      48.23418465758911
                                                                  ],
                                                                  [
                                                                      5.677420725123087,
                                                                      48.22898238922798
                                                                  ],
                                                                  [
                                                                      5.640901189478503,
                                                                      48.242354204929356
                                                                  ],
                                                                  [
                                                                      5.65380919650419,
                                                                      48.26852380977062
                                                                  ],
                                                                  [
                                                                      5.611652001252659,
                                                                      48.29181533437579
                                                                  ],
                                                                  [
                                                                      5.5879967536815585,
                                                                      48.278489865685614
                                                                  ],
                                                                  [
                                                                      5.544667324256171,
                                                                      48.31484393016795
                                                                  ],
                                                                  [
                                                                      5.52236342294961,
                                                                      48.34085020470289
                                                                  ],
                                                                  [
                                                                      5.482149185087855,
                                                                      48.35620132426793
                                                                  ],
                                                                  [
                                                                      5.441808221286742,
                                                                      48.33585087730688
                                                                  ],
                                                                  [
                                                                      5.418230200002256,
                                                                      48.339827299478394
                                                                  ],
                                                                  [
                                                                      5.419996789966145,
                                                                      48.36209610065057
                                                                  ],
                                                                  [
                                                                      5.441572019947177,
                                                                      48.38023164680497
                                                                  ],
                                                                  [
                                                                      5.408721169498744,
                                                                      48.38310019043649
                                                                  ],
                                                                  [
                                                                      5.443801554148948,
                                                                      48.412796111132934
                                                                  ],
                                                                  [
                                                                      5.470061704426128,
                                                                      48.42092884036511
                                                                  ]
                                                              ]
                                                          ]
                                      },
                         "properties":  {
                                            "code":  "88",
                                            "nom":  "Vosges"
                                        }
                     },
                     {
                         "type":  "Feature",
                         "geometry":  {
                                          "type":  "Polygon",
                                          "coordinates":  [
                                                              [
                                                                  [
                                                                      6.823538854548165,
                                                                      47.81305372458858
                                                                  ],
                                                                  [
                                                                      6.846179818400714,
                                                                      47.822945196999186
                                                                  ],
                                                                  [
                                                                      6.848453009671943,
                                                                      47.80186631777955
                                                                  ],
                                                                  [
                                                                      6.862439977221479,
                                                                      47.786366479297826
                                                                  ],
                                                                  [
                                                                      6.924003092082664,
                                                                      47.77046856849051
                                                                  ],
                                                                  [
                                                                      6.940432511420332,
                                                                      47.77156566113129
                                                                  ],
                                                                  [
                                                                      6.971172049261423,
                                                                      47.75268332188395
                                                                  ],
                                                                  [
                                                                      7.011758808530528,
                                                                      47.741727719619604
                                                                  ],
                                                                  [
                                                                      7.0374240128839105,
                                                                      47.72163936009252
                                                                  ],
                                                                  [
                                                                      7.026487154962489,
                                                                      47.70099973832609
                                                                  ],
                                                                  [
                                                                      7.046314752908177,
                                                                      47.67150171047833
                                                                  ],
                                                                  [
                                                                      7.018871382727326,
                                                                      47.65067487496959
                                                                  ],
                                                                  [
                                                                      7.004983231421509,
                                                                      47.61938273174142
                                                                  ],
                                                                  [
                                                                      7.025415883306456,
                                                                      47.59267760605909
                                                                  ],
                                                                  [
                                                                      7.064719544691056,
                                                                      47.60105755104757
                                                                  ],
                                                                  [
                                                                      7.086270201422721,
                                                                      47.592562199657216
                                                                  ],
                                                                  [
                                                                      7.106219108143236,
                                                                      47.55138203283421
                                                                  ],
                                                                  [
                                                                      7.135819374783416,
                                                                      47.53646303183533
                                                                  ],
                                                                  [
                                                                      7.130345969302944,
                                                                      47.50302658239207
                                                                  ],
                                                                  [
                                                                      7.111058458608464,
                                                                      47.49490275577542
                                                                  ],
                                                                  [
                                                                      7.066595656975458,
                                                                      47.49348103198955
                                                                  ],
                                                                  [
                                                                      7.024394386855231,
                                                                      47.50421334191186
                                                                  ],
                                                                  [
                                                                      6.985924997204884,
                                                                      47.49152131286686
                                                                  ],
                                                                  [
                                                                      6.998962818675516,
                                                                      47.45229903121829
                                                                  ],
                                                                  [
                                                                      6.970004495274878,
                                                                      47.44688262940426
                                                                  ],
                                                                  [
                                                                      6.940536510867674,
                                                                      47.43337372140521
                                                                  ],
                                                                  [
                                                                      6.932315529660057,
                                                                      47.45581501043693
                                                                  ],
                                                                  [
                                                                      6.917231799861733,
                                                                      47.46886980086098
                                                                  ],
                                                                  [
                                                                      6.907596719688256,
                                                                      47.49436626816266
                                                                  ],
                                                                  [
                                                                      6.930856287246399,
                                                                      47.49817970710937
                                                                  ],
                                                                  [
                                                                      6.946162450184676,
                                                                      47.51131633258056
                                                                  ],
                                                                  [
                                                                      6.909674152385642,
                                                                      47.525507149094636
                                                                  ],
                                                                  [
                                                                      6.905669627634239,
                                                                      47.547361521011815
                                                                  ],
                                                                  [
                                                                      6.883473648745609,
                                                                      47.55533115808764
                                                                  ],
                                                                  [
                                                                      6.860809068981891,
                                                                      47.54751358468233
                                                                  ],
                                                                  [
                                                                      6.816660001724921,
                                                                      47.54792247821983
                                                                  ],
                                                                  [
                                                                      6.80700533167707,
                                                                      47.562801384972
                                                                  ],
                                                                  [
                                                                      6.804959146951254,
                                                                      47.582108256125515
                                                                  ],
                                                                  [
                                                                      6.780404771904786,
                                                                      47.62526070544475
                                                                  ],
                                                                  [
                                                                      6.80103447418288,
                                                                      47.636044219886536
                                                                  ],
                                                                  [
                                                                      6.776099673752326,
                                                                      47.668572918052455
                                                                  ],
                                                                  [
                                                                      6.781911060840567,
                                                                      47.687677725049234
                                                                  ],
                                                                  [
                                                                      6.772570902276831,
                                                                      47.71163343375122
                                                                  ],
                                                                  [
                                                                      6.756625698295901,
                                                                      47.72444662113829
                                                                  ],
                                                                  [
                                                                      6.757638483670512,
                                                                      47.747877966474704
                                                                  ],
                                                                  [
                                                                      6.785629179422312,
                                                                      47.78207231453601
                                                                  ],
                                                                  [
                                                                      6.811469860026116,
                                                                      47.796038470605524
                                                                  ],
                                                                  [
                                                                      6.823538854548165,
                                                                      47.81305372458858
                                                                  ]
                                                              ]
                                                          ]
                                      },
                         "properties":  {
                                            "code":  "90",
                                            "nom":  "Territoire de Belfort"
                                        }
                     }
                 ]
}